-2.138152291709969066e-01,-2.059308943343098885e-01,-2.060758886874353990e-01,-2.137352128589538880e-01,-2.485354860357901485e-01,-2.629747055970855785e-01,-3.020534523968351759e-01,-3.738651350605071144e-01,-3.026387138954980682e-01,-2.372014093114143685e-01,-3.431681149944493803e-01,-3.569230710338380241e-01,-2.608089778296482364e-01,-2.091719745229511651e-01,-1.380603546446241559e-01,-1.103198800195943075e-01,-1.202714737811402673e-01,-5.248513143931633762e-02,-2.254167840762156053e-02,-4.622255181931102935e-02,1.574757453253072641e-03,6.094556672954541676e-02,3.689200986184892200e-02,-3.965000229969504325e-02,-8.556088960830357526e-02,-7.689619535082019286e-02,-4.558090808200263716e-02,-2.338472000331048156e-02,-3.391328205660879697e-02,-2.307068929927965847e-02,2.448437292600812165e-02,1.176509088773693493e-02,-6.809346516219427770e-02,-1.556365064880755877e-01,-1.831528356615227948e-01,-1.441985413174027841e-01,-1.985420306392821355e-01,-3.168747890085881203e-01,-3.239420883136134299e-01,-3.212200634530589238e-01,-3.514908322247802253e-01,-3.266496346053763822e-01,-3.559912885569682106e-01,-4.218503155900174550e-01,-4.112386799301958051e-01,-4.223864984895220331e-01,-4.271579928876744758e-01,-3.664428897111783878e-01,-4.021410153780693442e-01,-4.897455086953555470e-01,-4.787705814825768402e-01,-4.480668562633927099e-01
-3.021857685566220475e-01,-3.475438359953376133e-01,-3.339854996641101748e-01,-3.054237939604727003e-01,-3.367470048829125373e-01,-3.616135319517445601e-01,-3.246863042041637781e-01,-2.956343859480068947e-01,-2.179776651474753246e-01,-1.659399878360442171e-01,-2.820652773152964587e-01,-3.312383008830244724e-01,-2.643941513718866543e-01,-2.789860066330665522e-01,-2.713071607458669710e-01,-2.157117504819614784e-01,-1.887709285541242787e-01,-1.250487225156683702e-01,-8.027242182021541994e-02,-6.948490197944996727e-02,-1.850003793338730884e-02,-7.103130329272494721e-03,-7.988778326699200183e-02,-1.300608471105518249e-01,-8.172513136289136226e-02,-1.249149013550162300e-02,3.730713525588842065e-03,-4.230481142051701476e-03,-5.077620627600182984e-02,-8.078740324610561574e-02,-2.716837886765800444e-02,-3.566168198668036651e-03,-3.801129379505742423e-02,-8.039135585175161136e-02,-1.236751029019008546e-01,-1.224649454050517339e-01,-1.570556015120866400e-01,-2.551508604390231305e-01,-2.750504456802220776e-01,-2.558974617879062885e-01,-2.617111169497596812e-01,-2.585841892886833748e-01,-3.022115187251877555e-01,-3.520501623025069082e-01,-3.429197479980696794e-01,-3.638850517392609452e-01,-3.734143938506279126e-01,-3.121523729063093167e-01,-3.601487878871933446e-01,-5.018807913231730922e-01,-4.885153913881203347e-01,-3.850799987449292083e-01
-2.090986919769546870e-01,-2.398334240345421919e-01,-2.333798610883797975e-01,-1.897443495001846225e-01,-2.371335184755027636e-01,-2.994260794650073221e-01,-2.441243325059102853e-01,-2.251934019974745904e-01,-2.137730000570074451e-01,-1.181742420468338411e-01,-1.407252877398655067e-01,-2.158516223294169589e-01,-2.200322670145458959e-01,-2.509727871143364042e-01,-2.090499726990795171e-01,-1.160239464018582439e-01,-1.062775406316445737e-01,-8.510859111472482419e-02,-5.905500892150909037e-02,-6.699211260028738180e-02,-6.079597347920829425e-02,-7.255703048837555680e-02,-1.047525254320315485e-01,-1.376224123326834359e-01,-1.310654023806736013e-01,-6.800652428830754326e-02,-4.015122149932928014e-02,-5.721499687636776021e-02,-6.803551541615375509e-02,-4.308554982086149759e-02,1.583302040415601047e-02,2.990178293424446132e-02,2.237290861449717574e-02,1.573674107509286102e-02,-5.937225874533237635e-02,-1.314814677531761233e-01,-1.690715723725470798e-01,-2.328669151126782910e-01,-2.680675041443463802e-01,-2.457216626459261533e-01,-2.062163334243232726e-01,-2.076229164297415941e-01,-2.886766782772490214e-01,-3.591483182619826242e-01,-3.476786899545509235e-01,-3.183175031016753365e-01,-3.042409262758600241e-01,-2.744195249295302563e-01,-2.992425015609053718e-01,-4.189596804115919282e-01,-4.536698464992980906e-01,-3.773816927503858554e-01
-1.960945590644390391e-01,-2.317915777114685771e-01,-2.509083848090958857e-01,-1.916533180166381523e-01,-1.969102404270304529e-01,-2.374723962318228965e-01,-1.973758525505673045e-01,-2.603117676787501944e-01,-3.399305447752051235e-01,-2.070174884835936091e-01,-1.275215700018187404e-01,-1.980341715505477551e-01,-2.408733985000598432e-01,-2.324371541475306058e-01,-1.256775634304878597e-01,-4.417600112198496326e-02,-7.540553971158546476e-02,-5.662889202462451782e-02,-4.657322706014616065e-02,-9.027457589088694334e-02,-1.013952036432988757e-01,-1.182304186585460271e-01,-1.119705674576608051e-01,-1.128884469600167362e-01,-1.550808883659927917e-01,-1.095363241439648444e-01,-3.989819721875731418e-02,-5.943648295577187018e-02,-7.131697132470921074e-02,-1.875918389890496654e-02,2.276974356177004222e-02,-2.642914958738711798e-03,-2.250163948910210987e-02,-1.203625313042077857e-02,-5.183743356887059867e-02,-1.067851845822344048e-01,-1.376587950602707056e-01,-1.910188687091544657e-01,-2.567175495335384805e-01,-2.760380965501326167e-01,-2.281867287854175419e-01,-2.054974492195802138e-01,-2.800385237521814674e-01,-3.738292316258035597e-01,-3.746912307698202493e-01,-2.629902147593567996e-01,-1.946960445159520159e-01,-2.500915235117280311e-01,-2.982992122924019163e-01,-3.173802527973955678e-01,-3.116877716591530678e-01,-2.663296935945789201e-01
-2.092084230264929234e-01,-2.036439408162380449e-01,-2.234650331543753254e-01,-2.056179209705613631e-01,-1.980412733824238047e-01,-2.029535047982089224e-01,-1.692746256716617104e-01,-2.469850739958387720e-01,-3.476029849937560257e-01,-2.440479079874164070e-01,-1.385913415233627211e-01,-1.517364906719959050e-01,-1.891154772381690163e-01,-2.121251327522244712e-01,-1.446387850395011998e-01,-1.070382428641578343e-01,-1.307169094401233467e-01,-7.211250876181342362e-02,-7.909500021781408485e-02,-1.190994425874643270e-01,-4.265036761682940852e-02,-3.152841480343145791e-02,-7.035600424853621915e-02,-6.804380575079214954e-02,-1.019555391496807378e-01,-8.171060911395380821e-02,-1.828840684015902579e-02,-4.348883266091389116e-02,-7.174499018141829165e-02,-3.907362644149593722e-02,-4.166543507018453940e-02,-1.017639118335129794e-01,-1.294124049809228238e-01,-1.117222309327041280e-01,-1.028578908251702312e-01,-1.133112881140766331e-01,-1.527771477670837597e-01,-1.979304768842377327e-01,-2.288184771913552018e-01,-2.582035950393304913e-01,-2.470533454231611248e-01,-2.120714989832623021e-01,-2.149498419778270719e-01,-2.756066985255108959e-01,-3.334159502770055461e-01,-2.530289875687233292e-01,-1.651941353992798511e-01,-2.529785534699104388e-01,-3.183322102152854050e-01,-2.701396639086553475e-01,-2.329618117842815195e-01,-2.108872287211571439e-01
-1.977797161786704616e-01,-1.572946508880836425e-01,-1.561412365402817803e-01,-1.634996090795096113e-01,-1.589762821179531993e-01,-1.723542760854963607e-01,-1.751072493213199355e-01,-2.144640097602425466e-01,-2.446469244933668907e-01,-1.644667968991626317e-01,-8.856611016807511283e-02,-6.253109390113678612e-02,-9.543856098971854884e-02,-1.850832251264241668e-01,-1.720499897931959399e-01,-1.268470401694806182e-01,-1.184068613497069322e-01,-5.599079543317057872e-02,-8.643859275845088008e-02,-1.409697207515193673e-01,-3.613453831745674916e-02,9.121846404462416111e-03,-4.413390845376702343e-02,-4.342697962297027009e-02,-5.027603490879442583e-02,-6.464673528038976380e-02,-5.830341166479904857e-02,-6.667906324768524406e-02,-3.890731091504943950e-02,7.695593972662328856e-03,-3.851714887949270194e-02,-1.332875343713492977e-01,-1.490636977550540143e-01,-1.175742585598424927e-01,-1.038166533658204382e-01,-1.201603385036012772e-01,-1.923676233148533532e-01,-2.364879621376909380e-01,-2.114433022436586762e-01,-2.128338400138237996e-01,-2.252357023848704787e-01,-2.142348472339700438e-01,-1.960507922901606193e-01,-1.875726478479267656e-01,-2.160776574286546736e-01,-2.034923214115805234e-01,-1.798314595952319461e-01,-2.486975218255325915e-01,-2.715468113714931131e-01,-2.205011214633392780e-01,-2.280126360728074175e-01,-2.530214918926176337e-01
-2.431839694077713443e-01,-2.735192423827001451e-01,-2.734240864474791755e-01,-2.301267781553043013e-01,-1.983186980551947809e-01,-2.272729702044481714e-01,-2.476219004523043943e-01,-2.407773691461279619e-01,-1.946177316648777245e-01,-9.977639133483542921e-02,-4.713367139891114915e-02,-3.654407945576962358e-02,-9.341806004460348478e-02,-2.111739555038424365e-01,-2.003453341545392841e-01,-1.444778158616442099e-01,-1.853548272511556516e-01,-1.715453260482159570e-01,-1.257535931687902564e-01,-1.333315543926062718e-01,-1.065325595408417175e-01,-7.465885431926827520e-02,-8.612294620869945239e-02,-8.679224210999220146e-02,-6.448557926963555120e-02,-5.256080750493512255e-02,-6.117707361961901430e-02,-5.095679300509296794e-02,1.518814755527500429e-03,3.545376748946580531e-02,-3.580717547528421141e-02,-1.418071807615481350e-01,-1.200048422855290869e-01,-3.150164012922136714e-02,-5.838376619984765072e-03,-4.130181123610428273e-02,-1.323916071619365975e-01,-1.937237067519036460e-01,-1.873856410120373628e-01,-2.072154548500100002e-01,-2.278996722287257581e-01,-2.448763212544053658e-01,-2.770500550465161416e-01,-2.280982900065498531e-01,-1.441325951180192910e-01,-1.482172883678721798e-01,-2.298048082030273997e-01,-2.924530059689235406e-01,-2.631256394447164526e-01,-2.263852186102534303e-01,-2.454627362407302837e-01,-2.626516712248674335e-01
-1.962229591381846883e-01,-2.644819362291532250e-01,-2.644488957397088114e-01,-1.858733804125386468e-01,-1.733719873474693918e-01,-2.142057611516269555e-01,-1.872511880725180877e-01,-1.543765030495531376e-01,-1.543330867790324301e-01,-1.245760906220298447e-01,-8.221791856908323981e-02,-4.872454601636663080e-02,-9.543735317835796983e-02,-2.042818468760480566e-01,-1.899571034948849546e-01,-1.508103642939626343e-01,-2.477767328224564358e-01,-2.723693806220842117e-01,-1.413621183730209285e-01,-7.358075917350220818e-02,-9.642280729421588703e-02,-8.183453504224044717e-02,-8.096221486967548897e-02,-1.155504776803151223e-01,-7.082928298221585761e-02,-7.102166435824234375e-03,9.526993603250976609e-04,1.987635422817004768e-02,2.702338591282504518e-02,9.036925317026220719e-03,-3.970418726030502249e-02,-1.252898968348162001e-01,-9.583902568681211542e-02,2.131444354070341149e-02,3.979383671725070237e-02,-1.370343087942602588e-02,-7.937700265434163849e-02,-1.273170512411694044e-01,-1.451861705612294828e-01,-1.832471328050419290e-01,-2.004034230621830892e-01,-2.111345809622416081e-01,-2.607325948199774590e-01,-2.385125612813434326e-01,-1.730161586776148563e-01,-2.160510090872094502e-01,-3.125609967175735915e-01,-3.210926664078318504e-01,-2.727302641332399191e-01,-2.785487624439165200e-01,-2.942905175531704831e-01,-2.811102101832243516e-01
-1.381018233629344727e-01,-1.966551333810490354e-01,-1.962118312683464039e-01,-1.153664847268685151e-01,-1.236929059081416371e-01,-1.619258863060852593e-01,-9.311333877677857584e-02,-5.163622897329132877e-02,-1.173983760249939917e-01,-1.756827428470760788e-01,-1.399131562209753876e-01,-4.654057608767846882e-02,-5.138260655153892298e-02,-1.371787726224917570e-01,-1.371992928384188626e-01,-1.219852492057899029e-01,-1.738727901064423820e-01,-1.716930992192036431e-01,-1.035289534894447694e-01,-9.446576153905400508e-02,-1.155960414315175128e-01,-7.356160442412075506e-02,-6.721954818894201877e-02,-9.389351364786371890e-02,-1.607862938504553418e-02,3.355199765207181328e-02,6.932158262493296093e-03,2.979636247019090342e-02,8.749472667882018245e-03,-3.226416881030426398e-02,-3.060971979960552813e-02,-8.991864049194812913e-02,-7.649743661206541423e-02,3.065734074990238145e-02,1.262101692905577034e-02,-5.873428401467725019e-02,-8.453862573029685690e-02,-1.139615451817705682e-01,-1.224770076768669919e-01,-1.120978766849832498e-01,-1.060949537163520390e-01,-1.231425111543814621e-01,-1.692971706710489355e-01,-1.965939159154623805e-01,-2.251338377230408250e-01,-2.677017242547791720e-01,-2.579986734950473481e-01,-2.079961195486109415e-01,-1.907498557491290048e-01,-2.142392722105881941e-01,-2.228926664851702266e-01,-2.214567875837424038e-01
-1.542735428785574903e-01,-1.891345732953594871e-01,-2.011066045506443856e-01,-1.274097802130197410e-01,-1.058926638546405369e-01,-1.303461045029912502e-01,-9.177710988416480642e-02,-5.274615591514761337e-02,-7.100224323391997328e-02,-1.159577510591688898e-01,-1.010556025850939538e-01,-2.609531117082830240e-02,-4.512102560807335072e-02,-1.091462540405455234e-01,-1.075527496876801103e-01,-1.281033061769164261e-01,-1.336114930191125982e-01,-8.588171454980106367e-02,-1.005769037837292712e-01,-1.548586159875475488e-01,-1.472482511763776869e-01,-8.543960936060424061e-02,-5.344113538434386301e-02,-2.207196156510276078e-02,6.353932969320698343e-02,5.027785418829510550e-02,-2.668976051554584547e-02,-5.315992443509359733e-03,-2.179441748307939589e-02,-6.421761595515480814e-02,-5.301447346818288775e-02,-1.052203652455951099e-01,-9.204885139473698019e-02,1.102767821551182796e-02,-1.202676051178971743e-02,-5.974381697474390185e-02,-5.324336377123800590e-02,-9.422100647473520552e-02,-1.104000297993627672e-01,-6.288217821190313084e-02,-4.331708542944978646e-02,-9.058497486354383232e-02,-1.684747832846655857e-01,-2.319678719765671249e-01,-2.735598678331940814e-01,-2.509601624031649325e-01,-1.796490360853979784e-01,-1.840740902265636525e-01,-2.246741327856005555e-01,-1.835178837674648900e-01,-1.380856059354014786e-01,-1.625497920499330562e-01
-1.645791866533421743e-01,-1.753161624744014602e-01,-2.102062551078952846e-01,-1.633420474578086701e-01,-1.005010657771267385e-01,-7.937334796720228736e-02,-6.625040390919953448e-02,-5.025716723522267310e-02,-2.981736407709777159e-02,-4.775164577680896666e-02,-5.560299087517071859e-02,-1.494164539207845296e-02,-5.053384689272535230e-02,-8.553305504535133053e-02,-3.073753954951755768e-02,-3.373206746980027260e-02,-6.259267943709756477e-02,-6.212307846120764671e-02,-9.775467542950036504e-02,-1.086787394257410916e-01,-9.398464950155432929e-02,-8.390077996488161383e-02,-3.870552277823384457e-02,2.459681880576983573e-02,8.445290048524707605e-02,7.297490288070104802e-02,8.734364236122357447e-03,5.941119619917067246e-03,-5.817982365675270634e-03,-4.217964744681158146e-02,-5.134980371271465061e-02,-8.514608624479445831e-02,-5.867955639832548448e-02,1.610619084648680019e-02,3.955597907825750270e-03,-6.627872715242850987e-03,1.206777732722404692e-03,-3.695686910714530982e-02,-4.423165286407502311e-02,-2.738059931968380573e-02,-3.424764766166289720e-02,-6.516429506065821164e-02,-1.309364314642646743e-01,-1.843576000749748700e-01,-1.997269736020400865e-01,-1.865901412839230111e-01,-1.709515610713768230e-01,-2.333739039944483784e-01,-2.942080375670045322e-01,-2.198377988328353017e-01,-1.576686981993696557e-01,-2.170922747509778927e-01
-1.865772592277935571e-01,-2.393397052420608573e-01,-2.699623731503721924e-01,-2.167881714366594881e-01,-1.269158789647804875e-01,-6.448201114297137659e-02,-4.352354465919257981e-02,-5.044827000815294005e-02,-4.840757284290022472e-02,-5.449163647189077253e-02,-3.240876348845985605e-02,4.276613442281279598e-02,3.161582432607151077e-02,-1.786870363560580377e-02,4.481062069208020110e-02,1.012540778870402308e-01,5.916937218666421666e-02,-2.126969404634140165e-02,-5.728828529664871383e-02,-2.176486229685477627e-02,-3.452478892007418421e-02,-6.431538985870222103e-02,-2.213374642227388615e-03,4.126957243591922869e-02,6.949705925628395231e-02,1.205047407949352140e-01,7.943516430688517260e-02,1.105875308822953929e-02,3.818688325335069418e-03,-1.010463971719150617e-02,-3.631237800312080849e-02,-2.131868663354961543e-02,4.385562218740949453e-02,8.049695612855305160e-02,6.499616136649924436e-02,5.970348903409548880e-02,2.730759045926180184e-02,2.624042587857903131e-04,3.669775838927118866e-02,2.124220465618304604e-02,-3.588090383519006860e-02,-6.373769382806336592e-02,-1.036614982367948801e-01,-9.477854427568742357e-02,-5.583659358418326807e-02,-9.297543638275879152e-02,-1.230179612445382320e-01,-1.273561833907471963e-01,-1.641228799315428144e-01,-1.457202153494336350e-01,-1.217878114622797103e-01,-2.194866486903232217e-01
-2.078487920734257144e-01,-2.657183134284996640e-01,-2.180632545544985701e-01,-1.205899333939326884e-01,-5.284945837358378390e-02,-3.956370339518266305e-02,-4.737738203037145102e-02,-5.900437793222363531e-02,-6.046811945735005439e-02,-2.813657351057569089e-02,3.380048376951053785e-02,9.888658194619444342e-02,8.165649938584480794e-02,-1.159291183013233181e-02,-2.370925284714214473e-02,3.213880112687053647e-02,1.122200460843195309e-02,-5.309506913873147244e-02,-3.986074822123013284e-02,1.403219125984067096e-02,3.725471380744005499e-03,2.165962540734151648e-02,1.130710139396921415e-01,1.129208326401713036e-01,9.342780621660197460e-02,1.559686762603854915e-01,1.139780706020235013e-01,1.426514890519056666e-02,3.181863842412789578e-02,4.038687943294098914e-02,-1.614686068533914901e-02,6.410481546562566248e-04,7.300798762274021692e-02,7.227393591161425379e-02,4.068765996368657600e-02,5.703791354510295841e-02,3.628302042117589193e-02,-4.344227046701754427e-03,1.782859352426367436e-02,1.712483988118281703e-02,-1.662525113073511432e-02,-6.201078734591993630e-02,-1.374702220324967861e-01,-1.084283196626646267e-01,-2.393949883100617362e-02,-6.577143246778709151e-02,-9.136684297477215555e-02,-3.603086973793697551e-02,-5.951945938557632459e-02,-9.135749068947737750e-02,-8.483339537651912732e-02,-1.994140204961812046e-01
-1.906162023227257474e-01,-2.177852831116850185e-01,-1.463912223320425754e-01,-5.881759889172107764e-02,-2.333779686438313544e-02,-5.599688707992221681e-02,-6.769215160452633773e-02,-5.035397175404827258e-02,-5.813070655187736746e-02,-9.781204695650217058e-04,7.832740627132649125e-02,7.114147683436003455e-02,3.524373382635313107e-02,-2.053157020950132847e-02,-5.800564723459374766e-02,-3.155154972025170368e-02,-4.687466220682882240e-02,-7.732905305160871212e-02,-2.280567163164608918e-02,3.409326383888347523e-02,3.123778179908142869e-02,5.162590356780959872e-02,1.183018697651705559e-01,1.295859084098607283e-01,1.077832840966341382e-01,1.353858369729120659e-01,1.236027807936564554e-01,8.392767676926339571e-02,1.262249543284167386e-01,1.553315258549068933e-01,1.090668622050170039e-01,9.206905321285802080e-02,1.096747330290742811e-01,6.439614849188814161e-02,3.172561663242172837e-04,3.607029363824518914e-02,7.409534660980637844e-02,2.362210925949592612e-03,-7.201399254590556964e-02,-6.805149559218642841e-02,-4.426786638248226234e-03,3.397302496600746596e-02,-1.138616659899314987e-02,-2.131287971492634714e-02,1.067911498079109588e-02,-2.286273996894532673e-02,-2.987843670258504697e-02,1.010237799580535924e-02,-2.519468145861867084e-02,-8.248129381042396124e-02,-1.012223054551874002e-01,-1.829420968016886861e-01
-1.491358567614162467e-01,-1.901604837707985551e-01,-1.803481477347096407e-01,-1.184829576252245942e-01,-6.170433189680164798e-02,-9.090604293852862228e-02,-8.230096434349160051e-02,-2.219731217085738062e-02,-4.267855323015827540e-02,2.088431674272403157e-02,1.321166730889887508e-01,7.918783550111690994e-02,2.465163753059370147e-02,2.244252451954899946e-02,1.127967175021068851e-02,5.697541366500832871e-02,5.648945268598951075e-02,7.130571302917171859e-03,4.284824439965107673e-02,1.056599760412573613e-01,1.098982537638288903e-01,5.800700744789744762e-02,4.028157615481005316e-02,9.760698469770046071e-02,1.229409155338597182e-01,1.158912589719851144e-01,1.359034140828916937e-01,1.614078016992967490e-01,1.980739376496418458e-01,2.364345152886203894e-01,2.376220876972192919e-01,2.077601256375331551e-01,1.828912638464943174e-01,1.474414706543822895e-01,7.957043436333904873e-02,6.519456658227977541e-02,8.472443727626181864e-02,1.116898199080073630e-02,-8.605555070011719487e-02,-9.480607066309389153e-02,-2.581696231262542787e-02,5.741585989644618776e-02,7.334802425017260263e-02,3.511740405594437203e-02,3.815207991599185722e-03,4.415968086220871738e-03,3.730090584530426634e-02,5.166823015800394575e-02,2.231713757721135241e-02,-4.964027713762884930e-02,-1.299064442116332763e-01,-1.547627394254013355e-01
-1.357648629363393533e-01,-1.363852524518840703e-01,-1.130334361525324599e-01,-3.977998772577708009e-02,2.825052885908325290e-02,-2.445403032604461305e-02,-4.267388812311841834e-02,4.284600830854141951e-02,3.067730359673730145e-02,6.638128034161037971e-02,1.687840449099465012e-01,9.634475700664141273e-02,1.150363517420194964e-02,-4.965093817951627721e-03,-1.499744715452274411e-02,7.073946586714281726e-02,1.135500373437766664e-01,6.340484695310531771e-02,7.717961912193486984e-02,1.278317762185901540e-01,1.544295585559712913e-01,1.246001228070730549e-01,8.448496352231028850e-02,1.191132768143177145e-01,1.362291551435968473e-01,1.113881211850747677e-01,1.245987162968823503e-01,1.617883475246372771e-01,2.070952225726656326e-01,2.387089197411551289e-01,2.165069779974795605e-01,1.487186979240812945e-01,1.098362309807291437e-01,1.302838388803822522e-01,1.106938106837551256e-01,5.188542652745490452e-02,2.758581326731620806e-02,-6.710833820162624534e-05,-2.170955553957811326e-02,-7.969672300829356779e-03,8.709555574665234570e-03,8.968048635277833108e-03,-2.242723187512225477e-02,-6.203501516128476917e-02,-7.651081941830438493e-02,-6.005582291657361044e-02,-4.270971104314257721e-02,-5.701448006239565741e-02,-5.523803713804770199e-02,-8.497596233362551821e-02,-1.830360860772476395e-01,-2.091656859156500736e-01
-1.169632944614749787e-01,-7.049578697166258845e-02,-2.093280845653524083e-02,-6.339439151124912596e-03,1.901317389436856312e-02,-1.294476965478604490e-02,-2.352002571806566245e-02,8.963284728305954963e-02,1.044787314636475284e-01,7.365660274539637120e-02,1.182528641702377120e-01,7.986434511234402622e-02,2.145074891618206289e-02,-1.347479799429525220e-02,-3.763546690475161327e-02,4.540415142188406611e-02,9.433689311159179636e-02,7.677626025608337568e-02,1.063353764375592481e-01,9.163858525129041366e-02,6.835892942416259277e-02,1.159709702777236007e-01,1.503994606765807762e-01,1.411622091327085771e-01,1.168415324529887833e-01,1.067849478769827276e-01,9.188819379928626907e-02,8.535006862296506958e-02,1.501103177832734947e-01,1.960290117120868647e-01,1.386239998312538968e-01,5.020414133582519478e-02,3.292764972693787429e-02,9.875067656398583971e-02,1.239650824125918954e-01,9.862723198555807536e-02,1.112033646058981362e-01,9.501227854106548965e-02,2.617788818441095858e-02,3.683846621499937458e-05,3.204590310064042019e-02,2.865566175549515496e-02,-3.716982719385519135e-02,-4.501770773744803028e-02,-1.227847144654010611e-02,-5.171882232898027815e-02,-1.142066371452093165e-01,-1.451005634384263943e-01,-1.350544016808567782e-01,-1.299029591922231108e-01,-1.809087770094734149e-01,-2.189617553613371903e-01
-6.025588270518167366e-02,-3.168365120784003008e-02,-4.529725365481674509e-03,-5.424248784053911643e-02,-3.024397665918354336e-02,1.158147718617326925e-02,6.833975348136431954e-03,1.000585656876371299e-01,1.420678367565706701e-01,8.240020415343995985e-02,9.666693868359617359e-02,1.337759303088887353e-01,1.376800882800825465e-01,8.975963685472471143e-02,3.879912082683761865e-02,8.582396001351258463e-02,1.131466905936507200e-01,1.318093116897534056e-01,2.171051717990293839e-01,1.956123914843022893e-01,1.076795520904664655e-01,1.367266620011446110e-01,2.136700043104632352e-01,2.228291489122009028e-01,1.863719496761167271e-01,1.650365761125260622e-01,1.154868490682698229e-01,4.392405595141598423e-02,6.255511858594661745e-02,1.121480201171556196e-01,7.710730857459117960e-02,1.677106392136152452e-02,5.639991813415244637e-02,1.712851573169791031e-01,2.107874744005551193e-01,2.262685466751176711e-01,3.015788068027234203e-01,2.737296163018119177e-01,9.720662092284300393e-02,-5.177664658433104444e-02,-6.066064575519051344e-02,-2.838717306320625439e-02,-7.175831718807562654e-02,-5.643405988289258712e-02,2.176384590094198462e-02,-3.071597532938891845e-02,-1.162303804474113245e-01,-1.089531002870484377e-01,-1.070881736072732127e-01,-1.559904257442945863e-01,-1.962773185442100166e-01,-1.956273732146120992e-01
-9.146533607946213951e-02,-7.471133339195552836e-02,-3.247028453481252963e-02,-1.961526049628942170e-02,6.636458374605820609e-02,1.264858475949125205e-01,6.493227826570061034e-02,8.126147718677442788e-02,1.274005660472622148e-01,9.306183933426014077e-02,1.033794647895100588e-01,1.674231219785811964e-01,2.015731368101028320e-01,1.456907286738534646e-01,6.282587663272175271e-02,7.410842313871797427e-02,1.050149685991013104e-01,1.460853957520127089e-01,2.439530204535565738e-01,2.732426130973839018e-01,2.309960295670968888e-01,2.196064891591780477e-01,2.522607822364804075e-01,2.858685239854938942e-01,2.414827745863648845e-01,1.609041232497501750e-01,1.241223349744847299e-01,8.382167997868940346e-02,4.685787544045616482e-02,5.399057410156628961e-02,2.841801941354267849e-02,-2.990668038833303732e-02,3.802845380840798317e-02,1.802742486264519162e-01,1.952692569043390503e-01,1.943107527598983142e-01,2.775239792366284153e-01,2.856980525754949651e-01,1.825609832643282082e-01,2.269197102348511144e-02,-8.876716736786449680e-02,-8.300404812776067398e-02,-1.146525554278777781e-01,-1.408922582119213895e-01,-5.290378319085137226e-02,-5.613396674737284459e-02,-1.436348055217170627e-01,-1.230172802729813525e-01,-9.620699191082601742e-02,-1.767740894116144323e-01,-2.399460130827192061e-01,-2.025338778048075827e-01
-1.419969037311376303e-01,-1.164049468010166233e-01,-6.492527519431821881e-02,-2.070775400509137013e-02,4.369752975734649686e-02,7.462626366863310545e-02,3.564819371654906477e-02,3.962572025113488688e-02,6.820240774604860445e-02,6.878850171700347238e-02,9.756448607574322307e-02,1.558773473325710257e-01,2.006618980437303856e-01,1.666704438520842935e-01,8.089205957494352561e-02,5.366465582962102326e-02,7.950999352186069458e-02,1.440863206935997787e-01,1.992692802786147077e-01,1.756833324604489266e-01,1.692544024943731518e-01,1.856325816909124293e-01,1.675382031166562091e-01,1.853189272129250886e-01,1.656102870388848070e-01,6.950714700752690101e-02,5.652694433895191078e-02,8.668305228800327056e-02,5.424213921687049550e-02,4.094917329103683890e-02,3.029019664659583430e-02,-5.531345727461528528e-03,7.393035759835892007e-02,1.844697929625952193e-01,1.513123490351796219e-01,1.308956200681571092e-01,1.783243812850184018e-01,1.731598120077320890e-01,1.553549120336200073e-01,7.544898469044525324e-02,-3.047990358170796568e-02,9.300254615742348588e-03,2.125121335162756531e-02,-5.680473761436839047e-02,-2.852910546175169496e-02,-2.799009956154512035e-02,-1.360605983132117669e-01,-1.501660216764925948e-01,-1.030599875410092292e-01,-1.433768048224719760e-01,-1.801089948466570445e-01,-1.129744647773629762e-01
-1.101277171833770913e-01,-5.285154878167851178e-02,-1.609464987537122943e-02,-2.755173190935657559e-02,-5.122963035360714873e-02,-4.386297269476042981e-02,1.176850035504746613e-04,3.896657021854565278e-02,3.612048333846834547e-02,4.393995629514307888e-02,9.691407559703726915e-02,1.688242552545754782e-01,2.268893006473796381e-01,2.183391290243878735e-01,1.774915355736808309e-01,1.439515478331224174e-01,1.174831766169497915e-01,2.009181859034120665e-01,2.802112932453595939e-01,1.606967898623787860e-01,7.418441113653134744e-02,1.211627671912033771e-01,1.027596582360094102e-01,1.090716535724779307e-01,1.801487791755209955e-01,1.441060035267339445e-01,7.194902502478334183e-02,4.853889204857681633e-02,1.622075365325408372e-02,1.000061366730403342e-02,2.722685776636090543e-02,4.739819313280984464e-02,1.337213609490636168e-01,1.998766365949327384e-01,1.751965667811684890e-01,1.892112214160238948e-01,2.064859508500788698e-01,1.346508254583924369e-01,7.555668267007255301e-02,3.016655181346098238e-02,-1.283766325985033225e-03,5.793247490530355898e-02,7.129037910961628921e-02,-2.663312250424117351e-03,-2.533447904190964939e-02,-5.635607009829923797e-02,-1.285428081653193777e-01,-1.408791817592790763e-01,-1.271195748841697781e-01,-1.421723328868934044e-01,-1.361703045437254178e-01,-8.008174980722282399e-02
-8.544606624657254124e-02,-3.990271275590424188e-02,-2.482121734546383421e-02,-2.848349196675694847e-02,-2.931019969176326678e-02,-1.592333143496215547e-02,3.775058858271716083e-02,7.560194531969410825e-02,4.645003969912913505e-02,2.044049171737809603e-02,4.855586207182905484e-02,1.384989293912507191e-01,2.340750336852744640e-01,2.448560495292733119e-01,2.518516021527879012e-01,2.539477475731013456e-01,1.574122430004458173e-01,1.786599487529045294e-01,3.072712704944568496e-01,2.065884249542681572e-01,6.323689621612155198e-02,1.123903459027251195e-01,1.252031884763739611e-01,1.245858805685867016e-01,2.333830098901669425e-01,2.492918432466469658e-01,1.406259199452062902e-01,6.625640142160266199e-02,3.562761435951127681e-02,2.206584887507649639e-02,2.842747093525754831e-02,5.493122202316905178e-02,9.649901352175381530e-02,1.170259673889793295e-01,1.257161265785228799e-01,1.515852318014659639e-01,1.538583122939224390e-01,1.181071892864014594e-01,8.571086374205853786e-02,7.833380291019252650e-02,9.001217875310484062e-02,6.950904818452448286e-02,3.753098982999319815e-03,-3.288585205867225469e-02,-5.433950838766687247e-02,-1.114639973232374875e-01,-1.450846844981769079e-01,-1.512906712797950359e-01,-1.649848353448772342e-01,-1.351410343619537102e-01,-9.391856833551273653e-02,-1.170117822458425216e-01
-2.751609556683866993e-04,-8.260639529840161505e-03,-3.826772011571925869e-02,-2.454743458520632776e-02,2.063169581730315769e-02,4.450328789656840534e-02,9.140704928335507962e-02,1.403067737617986754e-01,1.153018282074411704e-01,7.158416113298654571e-02,6.512050034649527475e-02,1.225030497161162385e-01,2.194439651063391228e-01,2.397750844141686710e-01,2.450513634543819153e-01,2.794304676902388818e-01,1.961221372938920238e-01,1.369320866895222810e-01,2.241971203841316429e-01,2.007426217389850498e-01,1.023063543342625781e-01,1.354858011509751936e-01,1.627566230344932585e-01,1.456594244732681287e-01,1.859017071595243098e-01,1.972150961782744849e-01,1.516876528311615902e-01,1.295110631233801768e-01,1.263121425606769654e-01,1.183005022403955664e-01,1.198893203030902688e-01,1.379153003763517182e-01,1.398978550379131047e-01,1.123419512920240532e-01,8.546671784263810967e-02,6.337682962596803693e-02,7.357306251137632480e-02,1.310055921526292189e-01,1.583394266195663758e-01,1.543706657567685825e-01,1.559191894296706737e-01,1.086258018195245673e-01,4.443941523937568194e-02,1.614628706267710531e-02,-3.767693546164522372e-02,-9.818587528573874401e-02,-1.176647908372623619e-01,-1.405907768547405012e-01,-1.344683729963974395e-01,-5.093152327107488414e-02,5.219798020960243409e-03,-5.485306764525543083e-02
1.155649462577173769e-01,1.226406373394548499e-01,8.488600908982743554e-02,4.491541921723879449e-02,2.090218287513740530e-02,3.021543798738909187e-02,1.081306806721167163e-01,1.853970395039409025e-01,1.765115066087282192e-01,1.781584422624564457e-01,1.966259300152733147e-01,1.598034815106911810e-01,1.583576105457487337e-01,1.908671952290930118e-01,2.094914127357611622e-01,2.662751212640799281e-01,2.833100824248390714e-01,2.390602918241583608e-01,2.452136888062525499e-01,2.451180152201571094e-01,1.939668503224594998e-01,1.719963127473188025e-01,1.739622502508113011e-01,1.789568161739481522e-01,1.990123168919077368e-01,2.088148853262069837e-01,1.904270023580849902e-01,1.567883467276433851e-01,1.482568722372954451e-01,1.718697296730135604e-01,1.780690994016264073e-01,1.761509430491660366e-01,1.992887948948074139e-01,2.027256027366416691e-01,1.571121087545065964e-01,1.237036136510748369e-01,1.570480251984871789e-01,2.015372285182016054e-01,1.880726793114295969e-01,1.441784531158773197e-01,9.487654691428162868e-02,6.577052431814474354e-02,8.271952797645566735e-02,3.903427814091299519e-02,-7.288575795389957979e-02,-9.369156207029838423e-02,-7.513724830822191003e-02,-1.019878696359750453e-01,-7.222732330527054101e-02,-9.536148338052857776e-03,6.803094360918100943e-03,-1.883784440924730560e-02
1.413027825298471540e-01,1.392773946324036005e-01,1.391570219504944250e-01,8.006181973134134100e-02,-1.942605731539578289e-03,-2.712446781675868866e-03,6.930746360162194641e-02,1.382585352230862041e-01,1.544930371945281988e-01,2.056633901734243597e-01,2.554551217349319003e-01,1.629942515344760534e-01,8.487753343306086995e-02,1.432454533410935649e-01,2.079871038485461288e-01,2.667757148158313996e-01,3.266280932634102463e-01,3.141742146571048222e-01,2.824530506466721436e-01,2.854612876099869578e-01,2.646404818936200498e-01,2.046562846395910962e-01,1.659401900683626363e-01,1.807389279010034322e-01,2.271313328689477384e-01,2.496464642764922026e-01,1.907325400505424096e-01,1.008844833845081862e-01,1.038174465266743784e-01,1.709959119228148250e-01,1.623655294076547517e-01,9.875665266761127215e-02,1.187213535733375180e-01,1.919681103534436606e-01,2.023012859490194992e-01,2.019247605179819161e-01,2.217988549366699258e-01,1.792388876882261839e-01,1.421391333590452111e-01,1.579147223096837027e-01,9.760953563118317244e-02,2.582703618583888708e-02,6.053980999843646543e-02,3.073663558459496445e-02,-7.625152843409579995e-02,-6.449581084664905706e-02,-4.072035692238701321e-02,-8.383068759954924454e-02,-4.501407237315575155e-02,5.442807004087030220e-03,3.144066300985927636e-03,2.795550334719005495e-03
1.464892794267032561e-01,8.335390889170225803e-02,1.366982644522546919e-01,1.277690608868555788e-01,5.063829686890457260e-02,3.271621956088446165e-02,4.333526733856989110e-02,1.048709694435039225e-01,1.900558092996550430e-01,2.369698133808358087e-01,2.376380860673799056e-01,1.632048418296500603e-01,1.072832957809174148e-01,1.495672917240164213e-01,2.129093925243190910e-01,2.820502241113991282e-01,3.439930934244377347e-01,3.298667944694317899e-01,2.852163975575656152e-01,2.817882513487068863e-01,2.863396179534716812e-01,2.636038100292954489e-01,2.245356892659798043e-01,1.830349881770412523e-01,1.732478077196822897e-01,1.694372700964427436e-01,1.000908806952380409e-01,5.047380890688130117e-02,1.085978492511592425e-01,1.822793046102903214e-01,1.909014477845276669e-01,1.383864059199960694e-01,9.774844157232731590e-02,1.282311722321523295e-01,1.618876544068083567e-01,1.751954853911112664e-01,1.728276033882344409e-01,1.174000492154600589e-01,1.133163022676051540e-01,1.807763258256223082e-01,1.449324926694887106e-01,5.865588023392598327e-02,6.870637137101227865e-02,5.333705725114692292e-02,-3.014942740050489609e-02,-2.929767879957212787e-02,-1.071861334894703630e-02,-5.341923616404121999e-02,-2.589281094839063560e-02,2.413961078578850603e-02,1.838907822158896907e-02,1.519612592369751214e-02
1.375761772271256733e-01,6.744053699705258864e-02,1.501261141310833713e-01,1.689770568090487590e-01,9.023971329320031043e-02,6.108383506770023036e-02,4.709121990210404785e-02,1.194289425737469074e-01,2.557480165928819327e-01,2.789515886518211807e-01,2.160568968725406491e-01,1.726583503662126595e-01,1.659820966418873445e-01,1.732903779126807320e-01,2.037136494241971185e-01,2.925368459464570692e-01,3.787583442488253738e-01,3.812647075394307583e-01,3.221216475809313695e-01,2.595823313480943306e-01,2.312175362608883122e-01,2.453037789631477283e-01,2.525591246617433505e-01,2.010303805500363583e-01,1.479818602902246982e-01,1.225072109678279481e-01,7.625691123308982189e-02,8.411876859334474488e-02,1.456611534928500262e-01,1.561199678401986313e-01,1.952269625876367487e-01,2.457391509093566351e-01,1.855622800042691367e-01,1.307137640085918873e-01,1.503390151533443853e-01,1.490773421682589084e-01,1.205626191813058273e-01,1.156755312985534023e-01,1.398140178015745971e-01,1.459503135296698340e-01,1.159185649488245345e-01,9.345882507934541450e-02,9.393626569120296088e-02,6.706577223912066343e-02,-8.080696933678604976e-03,-2.880813094019300455e-02,7.161738983417835838e-03,-1.271687180907099882e-02,-3.019680368952264160e-02,-4.229592957618609483e-02,-8.883851690702830595e-02,-6.416590126674506789e-02
1.500027885978542919e-01,7.882738551315833508e-02,1.191563273646310123e-01,1.321870496221341507e-01,7.062488766937093099e-02,8.074249579260400767e-02,1.012107589205871877e-01,1.413592916238129160e-01,2.185073125079050327e-01,2.237051890669461973e-01,1.728309918254632982e-01,1.565088592417852309e-01,1.874403453465787739e-01,2.134293489539701993e-01,2.164611051660040031e-01,2.317045427353146281e-01,2.690806521740565782e-01,3.062883085064617705e-01,2.840568442725504017e-01,2.002525387554042746e-01,1.503659393507910391e-01,1.673446596663509811e-01,1.960676468463710687e-01,1.828133977568955348e-01,1.541751459406625613e-01,1.469849005539064501e-01,1.307979809054817810e-01,1.474423278949606453e-01,1.822827702385949322e-01,1.462588863336503897e-01,1.569251355348512122e-01,2.416380460388346529e-01,2.324073449230864286e-01,1.915606416050167349e-01,2.209540284745565297e-01,1.928726349921910388e-01,8.406628217655848223e-02,6.569437028199612283e-02,1.261391263918991146e-01,1.297759725152552446e-01,1.327288695293485921e-01,1.388143320921140511e-01,8.250172523869321595e-02,5.317460888797678059e-02,4.018480116299964766e-02,1.299653472942840886e-02,7.668245956649800792e-03,-4.219336834846769413e-02,-8.668997971936100166e-02,-1.092467111521729095e-01,-1.406666253370039144e-01,-4.825317639899961986e-02
1.759119678203777404e-01,1.159656331198031382e-01,1.508468433362537553e-01,1.655193552010728320e-01,9.896715175247745855e-02,1.205009815751676844e-01,1.776941253823985101e-01,2.082708276030195982e-01,2.302720395355684069e-01,2.241809627715521669e-01,1.955326511636347186e-01,1.778351052801413756e-01,2.042702068956234185e-01,2.377702806598558649e-01,2.172652154730752849e-01,1.545228188174925243e-01,1.303065661926253171e-01,1.950403691775678128e-01,2.296287206539884274e-01,1.730274080636056699e-01,1.594938591645544412e-01,2.075041028230608930e-01,2.239384018198724013e-01,1.892277902208694407e-01,1.499224881671796239e-01,1.583624707585212510e-01,1.803727477912629440e-01,1.918741616291864682e-01,2.088837793605194393e-01,1.797746720152890165e-01,1.353044020159620553e-01,1.714535593057109897e-01,2.282438217774538369e-01,2.318951393856782395e-01,2.415425188325661665e-01,2.211273482187618711e-01,9.701302640969747260e-02,3.354570166334125414e-02,8.601143823308876613e-02,1.160465953282155960e-01,1.699058192219562446e-01,1.824201448553703087e-01,6.705296293408147257e-02,4.581871833850263698e-02,1.032499762201120747e-01,7.970102576611161338e-02,2.726109052894924376e-02,-4.507825496026195838e-02,-7.370110314146047226e-02,-6.165630575428514282e-02,-7.112095286913865111e-02,8.166376742895503291e-03
1.393282150242511064e-01,1.097998467498371988e-01,1.929107651784493782e-01,1.758168679026528014e-01,4.814797116918283909e-02,4.335468807481084041e-02,1.338888255771776836e-01,2.288867214267874817e-01,2.850215034009213055e-01,2.877979964137431512e-01,2.665976684202173708e-01,2.445262372094220704e-01,2.390034428538659605e-01,2.199763065920349592e-01,1.897298222170677173e-01,1.794479463793119678e-01,1.818792514259647830e-01,2.292772448766640936e-01,2.597178938220090494e-01,1.969127416235175732e-01,1.845356110964962437e-01,2.658495220752834509e-01,2.722959397167458162e-01,1.906097354650558018e-01,1.577542986408463632e-01,1.982699508314291204e-01,2.209461700221840019e-01,1.996769236680164539e-01,1.924774496749275532e-01,1.753504725246878837e-01,1.003312190613425275e-01,9.109841375272552388e-02,1.932357868992796435e-01,2.162628464320715815e-01,1.726295321556278184e-01,1.804057540802930792e-01,1.439444159032614301e-01,1.071787829054286906e-01,1.132874912523550853e-01,7.234539205557463659e-02,1.165814983330424742e-01,1.895133201750368312e-01,1.219852216253175248e-01,1.123792633792227436e-01,1.642975393044599219e-01,1.271313218098709952e-01,8.375313396297456858e-02,4.902856453124233155e-02,2.239935257617698197e-02,-1.451875844334250994e-02,-7.487077895854761522e-02,-6.000229703811821302e-02
1.620772862088096511e-01,1.221072847276702400e-01,1.688938434887375661e-01,9.649214132406559730e-02,-9.344026379597946894e-03,2.274885462972071198e-02,1.156027127446831448e-01,1.981742078938676932e-01,2.208916387176259322e-01,2.169432034593269387e-01,2.425120175440165227e-01,2.575506366240111755e-01,2.453481025947213956e-01,1.954561092882321216e-01,1.643705601519387383e-01,2.107311075535438227e-01,2.241558247382820779e-01,2.074983153647745882e-01,2.387792417660941635e-01,2.167134654493817481e-01,1.872253505347407643e-01,2.552700430974325640e-01,2.368997573266042045e-01,1.348969204373028641e-01,1.929945071598665185e-01,2.917165494616365540e-01,2.447903795359137602e-01,1.947291315187935912e-01,2.310789655515325391e-01,2.464519231140348265e-01,1.525749565597414037e-01,7.088663114735968551e-02,1.436027650409358869e-01,1.998505678464333746e-01,1.612493549099030532e-01,1.562016193229097405e-01,1.448943730410690578e-01,1.630562673002701468e-01,1.978020792227091207e-01,1.171947624943267957e-01,1.071759840328387059e-01,1.857311351711763980e-01,1.480093963744151531e-01,1.242240950330252558e-01,1.479441923223049626e-01,1.056911832997875084e-01,6.735664201446305011e-02,5.661815317691436256e-02,2.871259232139823300e-02,-5.386764696785159567e-02,-1.119121696920857556e-01,-6.806278374950743004e-02
1.996528095217173782e-01,1.927950701042720483e-01,1.789283524371983181e-01,1.014791876561601247e-01,8.684592290006534765e-02,1.494474789697817774e-01,1.966747591162793518e-01,2.164736172571180561e-01,1.677085485243586249e-01,1.566858951958015056e-01,2.408663408233702730e-01,2.593079528333090411e-01,2.132883179381352412e-01,1.803484636062265278e-01,1.614063194031854498e-01,1.913505279378441004e-01,1.898891131157330048e-01,1.313882768557194936e-01,1.607026598983653798e-01,2.005175962551182245e-01,1.892565799102944590e-01,2.498434381975086493e-01,2.220643243765699493e-01,1.168930680466416933e-01,2.421939789121060616e-01,3.513424074703254685e-01,2.242534067553789145e-01,1.935817420798178756e-01,2.936576514872795696e-01,3.248661168906196162e-01,2.623152358262305084e-01,1.544495484576921540e-01,1.466839978271681222e-01,2.055562839174348844e-01,1.989236866745345833e-01,1.734461952496365034e-01,1.546879478829984722e-01,2.027277849325463122e-01,2.672883095964835864e-01,2.016213519522050690e-01,1.706011861044939570e-01,2.013754529963246998e-01,1.154772543391143214e-01,3.437786482511294428e-02,4.073545708322990483e-02,4.032985342157247716e-02,1.688419949478037890e-02,7.378153408084900215e-03,6.197992973115024583e-03,-5.437779009041811967e-02,-6.791986577319297780e-02,2.133232540729692022e-03
1.585645131038754541e-01,2.055892396183125193e-01,2.023977583008453318e-01,1.439899411543718311e-01,1.271004465650073523e-01,1.407425767962170449e-01,1.690310571015972707e-01,2.184840896457162784e-01,2.003845905740653244e-01,2.150786548172651247e-01,3.228637208172615569e-01,3.193341748578154560e-01,2.313793573001029225e-01,2.186489956451536931e-01,2.004300139059530528e-01,1.764964338609319172e-01,1.988553873342512324e-01,1.689025072779238579e-01,1.425400020153009539e-01,1.726125464859463166e-01,2.019970932432436361e-01,2.825597356825366724e-01,2.714381561805261356e-01,1.674553120080984614e-01,2.698034384651885054e-01,3.398756211673084615e-01,2.051235237712910053e-01,2.054253161616604040e-01,2.487860362129636072e-01,2.137002706229070847e-01,2.580779626495674495e-01,2.628543860214138661e-01,2.210042327965812126e-01,2.318696734127713988e-01,2.077249831751155074e-01,1.729520576944076071e-01,1.970316798547269710e-01,2.700883590697396031e-01,2.814829639382644411e-01,1.816895297565390699e-01,1.665022814749980429e-01,2.155006947088261848e-01,1.468742240387750364e-01,5.044788928541624196e-02,2.412453688168960525e-02,3.899215238594484767e-02,3.414141502222988594e-02,1.461540161673554467e-02,2.318925306365302030e-02,-1.462927629005719710e-02,-3.232463104601875775e-02,-7.329975531231389466e-03
1.352479697700684214e-01,1.354790175251681661e-01,1.626816613860688210e-01,1.324284198421921410e-01,8.141363572274851190e-02,7.586141598220000337e-02,1.152574557212832085e-01,1.698693546168203172e-01,1.800921058885361636e-01,1.900098617663444900e-01,2.573795517648943543e-01,2.793384991204393986e-01,2.497364350989188797e-01,2.755310789371703817e-01,2.419143254082445627e-01,1.431416300613623238e-01,1.751392864168582475e-01,2.096380152106595562e-01,1.578857540802540704e-01,1.874248160082474801e-01,2.722178789699613022e-01,3.426164853434854884e-01,3.191383917551407490e-01,2.284468381774848456e-01,2.953702900355484329e-01,3.451125013583168921e-01,2.540074947846576170e-01,2.610133486313018780e-01,2.262248681893067881e-01,1.433293357803731294e-01,2.497136599222451459e-01,3.213860130864202302e-01,2.697999823226915894e-01,2.647347538089539487e-01,2.475040998203516251e-01,1.998712074025529584e-01,2.064363024760566823e-01,2.710604530239950627e-01,2.693203072295713429e-01,1.696113149111916352e-01,1.520980033355935623e-01,1.836294157430869989e-01,1.438657761790723133e-01,1.042760148835525646e-01,6.941506119764051519e-02,3.649833834412159056e-02,8.397767897690299257e-03,-3.519150821558634373e-02,-4.244697682005751233e-02,-5.022534909270096048e-02,-5.707852322248110205e-02,-5.108690302067690758e-02
1.023429305230464936e-01,4.209007274055562298e-02,7.807537869054305413e-02,1.115674099533440905e-01,9.511932161360163451e-02,1.024988166313093724e-01,1.028027710209693385e-01,8.846886773672446580e-02,1.271079394705590393e-01,1.513164821909111502e-01,1.356868476329017581e-01,1.609396802037775520e-01,2.139662165084071366e-01,2.805728066085160233e-01,2.701238977968554722e-01,1.678148898988437721e-01,1.900343934028015658e-01,2.361590628994847951e-01,1.585203413701603559e-01,1.742653786820049233e-01,2.729824272441249144e-01,3.100740098426668090e-01,2.963583413540184508e-01,2.644732558217668394e-01,3.106312502541671017e-01,3.352018595846862348e-01,2.544972621695627546e-01,2.340905793624163678e-01,2.188314847329336787e-01,1.922573885056306497e-01,2.623970818272159389e-01,2.822420704465997132e-01,2.422087143850478186e-01,2.620828875085030596e-01,2.842750957730564854e-01,2.560835446346590993e-01,2.034778146710690405e-01,2.116381899716721915e-01,2.405486334062669762e-01,2.014666880131528170e-01,1.820606206511585223e-01,1.491704487922672351e-01,7.942951457412254779e-02,8.755792673846095331e-02,8.099370537086739152e-02,2.108220769526550006e-02,-1.218026589313273358e-02,-6.935595343350361985e-02,-1.242041437630918704e-01,-1.219271794612827309e-01,-9.533696169423859501e-02,-8.574872131542213283e-02
1.032651409977488610e-01,3.550366018571869675e-02,3.879607344847659650e-02,1.189116679032520135e-01,1.463915765309922179e-01,1.239284681594522569e-01,5.649360326844463792e-02,1.601464697481842087e-02,1.345453142978856043e-01,2.247231838267838289e-01,1.625055493432472076e-01,1.590174686734242004e-01,2.273660472486285222e-01,2.706295266668344857e-01,2.705708626241289383e-01,2.227626866738258438e-01,2.455987617253853617e-01,2.551239375984197810e-01,1.374350089822194143e-01,1.168789220186901012e-01,1.961539641777549636e-01,2.236337721099623810e-01,2.606303746551544287e-01,2.847489058546863738e-01,2.710472449773579928e-01,2.513644679921346325e-01,1.998521819075430306e-01,1.600596425084609697e-01,1.651743021150555712e-01,1.999724272465197294e-01,2.210476955637233343e-01,2.034481291867373531e-01,2.229267422909620155e-01,2.553630830219823511e-01,2.496988435496593217e-01,2.427754934755248228e-01,2.147273126335067783e-01,2.028741367951822638e-01,2.047560351815297663e-01,1.680929980438270466e-01,1.731760793325216874e-01,1.647105264926436163e-01,1.011137402896859910e-01,1.020285189384594754e-01,9.264454472247496408e-02,5.392274494083292707e-02,6.378321827688279710e-02,-8.032145008938815917e-03,-1.429182216212437351e-01,-1.741076500310381747e-01,-1.450329828033680435e-01,-1.422328779088288253e-01
1.404267502998075567e-01,7.375979746449846941e-02,4.285522819898373442e-02,1.073878731200532816e-01,1.451939066050008387e-01,1.262714199513876312e-01,6.575326048574860194e-02,3.802823226696121217e-02,1.462252988806103382e-01,2.192804414034090765e-01,1.625917543222270556e-01,1.813768455084102948e-01,2.581321440035769244e-01,2.586856644275817851e-01,2.126320248486550102e-01,1.528202189943126121e-01,1.436877020704618313e-01,1.514271354699269212e-01,1.043728234017258782e-01,1.323283399424377282e-01,2.129589245952545062e-01,2.231477487903270607e-01,2.527001008220081668e-01,2.823619640742507375e-01,2.342208147750670932e-01,2.242014693895047761e-01,2.676627730842015551e-01,2.458250147957339593e-01,2.097272640813714339e-01,2.566560096584324380e-01,2.723102763030103013e-01,2.067236225610425693e-01,2.173618330730280324e-01,2.802088905136001507e-01,2.658312864854819324e-01,2.289901001520748824e-01,2.347731212945208257e-01,2.551091143275364681e-01,2.217478845307845337e-01,1.582177047079838528e-01,1.717576295789997320e-01,1.913772835105642389e-01,1.510678871664855871e-01,1.202928031015915306e-01,7.291185665847954578e-02,5.541963940999745236e-02,9.763181103233244118e-02,2.320793810507466165e-02,-1.088432857367358231e-01,-1.144447640803693683e-01,-1.012879846746366497e-01,-1.382872586516643298e-01
8.913095286401757911e-02,5.798156256843497308e-02,6.761674850466080355e-02,8.321713848409754977e-02,9.968881597916759429e-02,1.465604812192798923e-01,1.441847352068745258e-01,1.101888637585344416e-01,1.276594546858561274e-01,1.322257032495479379e-01,1.209707542592173002e-01,1.804800635819701071e-01,2.508612655315650142e-01,2.547663123708009403e-01,2.035593852043834084e-01,1.086629093212346103e-01,4.453276551347870593e-02,7.507577194361467199e-02,1.453684461532768202e-01,2.195741177786685316e-01,2.657301164794170223e-01,2.383910530731538913e-01,2.166766969286239297e-01,2.462164629390191095e-01,2.561383745849521443e-01,2.760609189262033247e-01,3.276705963339551220e-01,2.990490798330834310e-01,2.284370117209667816e-01,2.722286873381141170e-01,3.302771173650217440e-01,2.456183863345219320e-01,1.878202417127585455e-01,2.870841542397505886e-01,3.372015149574024706e-01,2.681903193686789866e-01,2.621115160010734635e-01,2.986634989392225603e-01,2.467466257249141814e-01,1.909814049492133681e-01,2.011858042733200569e-01,1.925679677670515677e-01,1.629242593107649850e-01,1.345708257589474099e-01,7.424049761254127022e-02,5.457927457710264052e-02,7.838779290929324961e-02,2.473620109923373514e-02,-2.405100092055297012e-02,2.206814376441586234e-02,2.478188471916802429e-02,-5.128816157137655596e-02
8.591621812870860186e-02,7.248797550567687153e-02,1.208664310317798668e-01,1.138076338356332345e-01,1.327118538691679783e-01,2.373078311430764642e-01,2.374039958802520722e-01,1.650952879673694418e-01,1.179560160098114541e-01,9.159680575044172601e-02,1.422032616865059051e-01,2.048224066706617330e-01,2.142753387504404972e-01,2.394286336978054541e-01,2.490992638257268632e-01,1.839716717808533020e-01,1.111215566264018434e-01,1.334008308109488061e-01,2.300043898845763879e-01,2.848928817161008320e-01,2.887339474112454729e-01,2.674107994581939041e-01,2.203645320138230002e-01,2.299184434855540138e-01,3.003452287399915877e-01,3.200214194357882680e-01,2.852667148245779938e-01,2.561576810753379840e-01,2.204704928504272743e-01,1.991317226609945479e-01,2.454301457259551456e-01,2.648663978784400186e-01,2.220421917090309727e-01,2.518366073030668950e-01,2.775280943759692032e-01,2.236650385525171536e-01,2.617204910342003088e-01,3.128383631165336798e-01,2.286298371057811918e-01,1.812007951703546726e-01,2.109009399086768100e-01,1.998128877845754547e-01,1.779261479143103564e-01,1.484469399363613495e-01,9.798074584858207370e-02,7.891454498145585028e-02,5.451109102627463981e-02,1.116458731534587107e-03,-1.949308451958351590e-02,-2.160046396914206204e-02,-2.534795631505100053e-02,-4.323998755662767507e-02
1.710791764430678874e-01,9.125608038717553105e-02,9.236321295872240711e-02,1.002828947028361339e-01,1.572293308648148313e-01,2.609655145614760419e-01,2.200332536952057383e-01,1.514619195922937978e-01,9.990315733736115922e-02,4.649694823371569585e-02,1.293374160540716467e-01,1.822295228993847105e-01,1.284831149326626787e-01,1.666984495770467423e-01,2.241646506337446887e-01,2.088168399756292204e-01,1.778992399125521040e-01,1.585402433295093061e-01,1.959337829010567023e-01,2.563662323034432422e-01,2.950930347266513265e-01,3.085054008244726975e-01,2.553237343103211265e-01,2.268500929916479059e-01,3.081444581435870411e-01,3.502863929534174581e-01,3.024197593719018529e-01,3.290915725004675552e-01,3.704515748632299932e-01,2.617903009684171001e-01,2.078363520963290856e-01,3.095031752480528198e-01,3.094621636778884799e-01,2.158083134717795615e-01,1.650793958357519853e-01,1.539700337558505827e-01,2.373093347337805470e-01,2.912918719303126402e-01,2.081040571051285815e-01,1.878933189327759712e-01,2.518904692854715410e-01,2.578899412881769382e-01,2.037128311152748561e-01,1.086849692916588006e-01,5.302616526579932710e-02,6.905598392691728038e-02,3.318072428954420283e-02,-3.081008111396207547e-02,-5.235054290104688979e-02,-1.103222142721476950e-01,-1.349115261303608093e-01,-1.003267310260754219e-01
1.950025152499228753e-01,1.106964707090673516e-01,9.000187413410819237e-02,1.009500072761606859e-01,1.323935137284013297e-01,1.508541011711965751e-01,6.882587522280553261e-02,7.391333566610765182e-02,8.017457264963104291e-02,6.144542500233432167e-03,9.604475900132673771e-02,1.577740823062037667e-01,7.053097524099338766e-02,1.021665806586492808e-01,1.561580599430044125e-01,1.442279196894776516e-01,1.677382570493921032e-01,1.462529354840853002e-01,1.254921864737362502e-01,2.006717716637287374e-01,2.638260405239500339e-01,2.498725262658479385e-01,2.054802824262503269e-01,2.004596053049471083e-01,2.636742996373689918e-01,3.203019164277260411e-01,3.245669680912339206e-01,3.660744782948894271e-01,4.102284390527355384e-01,3.119624341621786701e-01,2.401386071633118680e-01,3.198805563831784160e-01,3.043960442013900480e-01,1.970685466648039730e-01,1.823622937005978106e-01,2.047652740618905731e-01,2.317482943779156646e-01,2.321435201578723184e-01,1.719479845781428651e-01,1.704784924288592074e-01,2.313343202003261267e-01,2.549343165715192150e-01,2.134436257411616578e-01,1.054322404391463824e-01,4.008526843496665326e-02,8.414966247258602594e-02,9.177797602674193922e-02,2.868251818386373386e-02,5.780850273007031399e-04,-3.597005291737860599e-02,-7.560457570970673113e-02,-8.004565557296140776e-02
1.774067231225447960e-01,1.738762788457383635e-01,1.849635167588362383e-01,1.697056883708127073e-01,1.520600259338165394e-01,1.252297554167599025e-01,3.225472822030928804e-02,6.489578679201589428e-02,9.873339186790192068e-02,-3.007400377252774943e-03,5.316876852447902091e-02,1.319094145519361105e-01,4.766099844848828426e-02,6.191774948930132277e-02,1.050761252405222057e-01,6.879959541974854653e-02,1.117617904743745949e-01,1.478486774477336119e-01,1.349123694078722402e-01,1.904447892966613376e-01,2.132003634607882447e-01,1.409734608522811017e-01,1.182579697245629557e-01,1.655987762664035134e-01,1.917744945389577294e-01,2.301116340875993538e-01,3.042933487489031807e-01,3.400506118170353864e-01,3.151325049040146764e-01,2.607117039964909622e-01,2.482170902884053287e-01,2.866753299500653385e-01,2.636358306234242721e-01,2.111265519956461723e-01,2.263940247353175839e-01,2.430485690815538946e-01,2.234874066942428850e-01,1.911274745271530351e-01,1.391253127712254734e-01,9.587142836355426467e-02,8.542451107761560303e-02,1.051715470547276710e-01,1.399831096643892880e-01,1.324318345161058785e-01,8.249933485967481106e-02,8.845338690525385295e-02,1.291880339585766424e-01,8.854360876745769049e-02,2.699320481389988827e-02,8.745169265004952563e-03,-1.546605844028794974e-02,-3.456751056237607200e-02
1.602859919531901267e-01,1.645006778791905933e-01,1.606913591580275136e-01,1.112323014566997670e-01,7.993542196619025930e-02,1.040478627984312704e-01,5.296344179920451506e-02,5.585401991450190257e-02,1.018706004162572287e-01,1.411771002428890281e-02,3.898427798700546554e-03,7.670053067070511932e-02,2.589945074955602236e-02,2.564657839294823272e-02,1.015553985105727836e-01,1.021720530915820047e-01,1.171375103250304195e-01,1.369917627329732268e-01,1.073625872287675836e-01,1.215689438714982890e-01,1.391118750624024680e-01,1.015933999525192172e-01,9.801368554247796849e-02,1.298632991759315902e-01,1.380582743579312210e-01,1.839325968253621713e-01,2.965136023691962719e-01,3.703652527210122836e-01,3.631523422857661498e-01,3.341448907487145625e-01,3.119224803689306658e-01,3.154983532232981669e-01,3.317487554834596120e-01,2.844151076815054080e-01,2.025221557582748133e-01,1.753292029337144564e-01,1.632700722859781461e-01,1.399623390757794295e-01,1.382485930347581438e-01,1.128417742949249097e-01,5.718574489330728594e-02,2.428512223833141290e-02,2.930739916102339040e-02,6.899113014588320603e-02,7.332097068499049408e-02,3.340576401693357705e-02,3.917521583665858897e-02,4.754058409280059044e-02,2.671587752232146978e-02,2.249052231618734604e-02,3.386901025100223436e-03,-1.815613782610421209e-02
1.101276889556378202e-01,1.076975300160795679e-01,1.128497190493748387e-01,7.007725684666184229e-02,-4.786926306364988224e-04,2.415879360506840295e-02,-7.454255219870299610e-04,-4.782061187474243025e-02,2.035259434849124791e-02,3.161904615105934346e-02,5.640984331018296036e-03,6.205445081752310882e-02,4.352858409886063012e-02,2.025851253998204801e-03,8.690559589087368253e-02,1.863210156323961419e-01,2.264185869605565560e-01,1.877715162978122465e-01,8.781175413790272277e-02,5.446057887419378934e-02,1.010118906302890640e-01,1.545000111384933206e-01,1.655582354926962985e-01,1.344230757347665006e-01,1.578504535362555694e-01,2.197027957706901014e-01,2.476131351668374725e-01,3.101654829048706152e-01,3.979625500361632651e-01,4.070179883297758705e-01,3.475095342025035228e-01,3.411565762984911654e-01,4.026432006800305108e-01,3.388534444991342376e-01,1.751594388019361848e-01,1.283159770651467191e-01,1.077725202561647527e-01,6.961293870425440400e-02,1.390708674598948313e-01,1.878376744541260801e-01,1.468710356401283224e-01,9.188204252354210955e-02,5.968900777261458178e-04,-2.707429907764338436e-02,4.672374024051953456e-02,5.494839076294011360e-02,8.004155733836292724e-03,1.387178587194545960e-02,4.791058666495381230e-02,5.137928149322709692e-02,2.071836741611791585e-02,-2.096108801552273512e-02
1.029170254610800063e-02,5.291963191584023174e-02,1.069717720934214300e-01,9.874198193199607010e-02,1.396644871756421921e-02,2.495497811519913761e-02,2.287630130515537485e-02,-8.133772902188693421e-02,-7.935655406250989585e-02,-2.159090517422275826e-02,-1.908343392454207171e-02,3.871952754975662575e-02,5.780841984499717617e-02,-1.721646203774699832e-02,-1.710927398939516425e-02,8.418432469120284978e-02,2.094893331249936819e-01,2.444766546911488481e-01,1.642157003672432281e-01,1.079342734786546271e-01,1.127022002328222638e-01,1.639697244226835660e-01,1.920272446538792421e-01,1.446770773399542742e-01,1.845752168710892427e-01,2.418496457313765169e-01,1.816426247422536222e-01,2.256925812452869329e-01,3.489753879147757809e-01,3.407670001784077196e-01,2.994097946351228501e-01,3.445433961658094790e-01,4.133551768967330675e-01,3.440031646225133466e-01,1.905068093184551503e-01,1.626407332226059710e-01,1.515303193244096625e-01,1.117376241360467648e-01,1.674332440797561827e-01,1.731910765140085295e-01,1.198813123030649935e-01,1.193336993603489049e-01,4.868486327740940284e-02,-2.673688669655923875e-02,4.507361969844767696e-02,1.223781032258510343e-01,1.010727679671934720e-01,6.272595111711826155e-02,3.630062235140010807e-02,-9.551348937533848601e-03,-3.203428445929864393e-02,-3.420204364601663050e-02
-5.887360396609308405e-02,1.787845039387504775e-02,6.328049344665112597e-02,3.930418066046810488e-02,-6.524232513353829532e-03,2.419735101295513585e-02,4.796046780630854739e-02,-4.417240687751434330e-02,-8.746244806262538918e-02,-3.521162282175403779e-02,-1.274229346648550650e-02,2.650642832595838730e-02,6.086568731458086301e-02,1.713759938982977599e-02,-5.421545542228130288e-02,-7.150424328242274696e-02,5.689207061972059720e-02,1.984473580092962208e-01,1.972263267740815562e-01,1.511926758805462179e-01,9.048349103996052023e-02,7.205531091880870709e-02,1.161981784480954349e-01,1.074098277593537737e-01,1.478838429505417995e-01,1.862196263189139500e-01,1.330533693881378043e-01,2.241258464249665516e-01,3.221029160078197062e-01,2.559480869273698111e-01,2.926757799530833037e-01,4.171811242231086014e-01,4.441056542143977937e-01,3.629475148116634298e-01,2.367280041030066784e-01,2.003390774158512744e-01,2.145123159370967425e-01,1.961286381104101750e-01,1.718894270662453261e-01,1.032093243086299739e-01,6.078960095833009503e-02,9.212280496982172551e-02,8.595479614152019832e-02,5.631518236173219810e-02,5.525894610138796376e-02,7.749051186272122582e-02,1.013730262250212011e-01,7.133555864217941411e-02,2.942739241335176007e-03,-5.639315091583869954e-02,-7.116224209041370485e-02,-4.174385812824733116e-02
-1.030558688189987110e-01,1.445703814397483571e-02,6.424959271623643942e-02,2.087025686240491160e-02,1.175114925558308140e-02,1.869240149794197670e-02,-1.622773222704039509e-02,-8.126348590798980476e-02,-7.650697068816135482e-02,1.699436153934804597e-04,2.628566679611357704e-02,1.445934643165275313e-02,6.799533443535782720e-03,1.581642653139543392e-03,-2.547114925513310063e-02,-6.724489516979031967e-02,2.160107258512946812e-02,1.531514981843023204e-01,1.517521093219185713e-01,1.267708998145969101e-01,8.881997822520501518e-02,5.511603521188148530e-02,9.187204322354076969e-02,1.056424897507867999e-01,1.523327050272260952e-01,1.765252841831342623e-01,1.249152932765613677e-01,2.221626735104615114e-01,2.822961523887464463e-01,1.832651807580926717e-01,2.493115108587828088e-01,3.687929398519210755e-01,3.484758358525253397e-01,3.032494063464539202e-01,2.395377456698019325e-01,1.996022819993375774e-01,2.192681112579056013e-01,1.987986361240821898e-01,1.118855393679128035e-01,4.990928811969644330e-02,6.605056881391026258e-02,5.105618630818024167e-02,2.451230151844543265e-02,7.893203287070350849e-02,6.934662742503404365e-02,1.009739127554308211e-02,8.743759724781263037e-03,-2.895454174163173550e-02,-6.623110163034172382e-02,-6.175289629865817614e-02,-9.115053411974900766e-02,-9.785694146430001794e-02
-1.742194171187124718e-01,-5.718704796310131178e-02,-8.065499307185300046e-03,-6.449738611393392163e-02,-5.273382304254983777e-02,-2.430670492739938487e-02,-7.158617311203419042e-02,-1.383652432172332303e-01,-1.299812222098840342e-01,-6.396837379182082617e-02,-5.208620162292621619e-02,-8.112752914139183258e-02,-1.093217730426037926e-01,-1.238325263056896386e-01,-9.753329944723111711e-02,-4.711860585620535058e-02,5.579836195715169589e-02,1.308094064793760281e-01,9.635737990455002511e-02,9.567636847075207396e-02,1.217270602721704786e-01,1.154712522821183529e-01,1.279990720769799695e-01,1.414569958902560376e-01,2.029553380973760923e-01,2.186103067296392699e-01,1.486368322025579114e-01,2.289798385183329510e-01,2.965497644217707784e-01,1.908171272819406405e-01,1.565663997856334144e-01,1.584962758604145927e-01,1.362088269395499152e-01,1.842163682826350179e-01,2.107114443933373604e-01,2.078800163331480932e-01,2.319064906841184492e-01,2.143906967009117648e-01,1.116915146652952412e-01,2.157590384032486569e-02,2.645212564608335343e-02,-2.901963990963575980e-03,-4.166814455726203237e-02,2.645853532489419666e-02,4.555785858721356218e-02,2.198436230673272984e-02,1.118504982429205201e-02,-8.725698018376930321e-02,-1.320218552132086665e-01,-9.960639533610174401e-02,-1.402306094443855622e-01,-1.467339756767511161e-01
-1.474038964548718134e-01,-1.011706670088922677e-01,-1.220414532978834898e-01,-2.101766743670205884e-01,-2.127266804266210454e-01,-1.464188190591491634e-01,-1.191080267829314754e-01,-1.527544650845000518e-01,-1.683557560592179869e-01,-1.229840081480998992e-01,-1.146678457012128977e-01,-1.314472737913855438e-01,-1.244289290325006625e-01,-1.501360912202646669e-01,-1.590494318983311506e-01,-9.523044197411410783e-02,-5.794708343550345267e-03,4.316423292435517950e-02,4.454360316558951538e-02,8.137445620222451270e-02,1.335039592104337314e-01,1.338807777865771431e-01,1.173792774200062006e-01,1.377161532514407649e-01,2.075401467464432215e-01,1.907501114020365429e-01,1.070527031682487890e-01,1.853088270607212984e-01,2.857422566151327503e-01,2.357088004314406571e-01,1.567766018459062494e-01,8.338791505463749587e-02,8.035989102447768651e-02,1.659441066757218197e-01,2.026211093467176205e-01,1.987182601584092378e-01,1.976987168818291618e-01,1.924191515334139346e-01,1.367782472956360351e-01,1.718097961086029885e-02,-1.936641261246532797e-02,1.596956209376468316e-02,2.289389699091267522e-02,1.563363096545869815e-02,-2.257026068345658124e-02,-6.354409555421384331e-03,1.365425488477979218e-02,-1.032884685454392576e-01,-1.585403490093585666e-01,-1.344375613577295236e-01,-1.660646312753012999e-01,-1.151477353403204812e-01
-1.414637740351361028e-01,-1.566684217657855482e-01,-2.206427791262324523e-01,-2.458451886394911745e-01,-2.092076213373994520e-01,-1.861785273924293493e-01,-1.791985814425235968e-01,-1.981110919327763731e-01,-2.224822250824143588e-01,-1.633154585586466534e-01,-1.284850908837655570e-01,-1.546153108330335368e-01,-1.182676982836560614e-01,-1.044157852915857942e-01,-1.468755620286493480e-01,-1.423966886222882977e-01,-1.121844019799701220e-01,-6.376891060865164107e-02,6.784826594669894802e-03,5.678192591159978569e-02,9.724742794808506618e-02,9.874518864043392574e-02,3.746522054493229420e-02,4.780201877475132033e-02,1.551836045133214992e-01,1.661376024524277850e-01,1.052966229806296672e-01,1.194857895933948283e-01,1.225161711833214345e-01,1.107730427036136556e-01,1.289494044279942686e-01,9.403825092277678932e-02,8.886402832199211121e-02,1.459920841354490351e-01,1.572678969655809667e-01,1.421954750062186523e-01,1.048478037857214634e-01,7.499876835385602125e-02,6.747543075621788289e-02,9.561546930114510345e-03,-5.511241050809361983e-03,4.696762560030395134e-02,5.625451769364817056e-02,1.505461359550303024e-02,-6.633738569587188660e-02,-9.307637758844661269e-02,-9.099880209076570414e-02,-1.884416072641354190e-01,-2.149958491951960982e-01,-1.604128904413186785e-01,-1.683505264800100321e-01,-1.017139470337360269e-01
-2.407309073949217837e-01,-2.798221820835283258e-01,-3.917536419102760625e-01,-3.693594197671132839e-01,-2.531699184854435680e-01,-2.376222750245498561e-01,-2.515256503477693584e-01,-2.605612097174868080e-01,-3.043154474359501260e-01,-2.447550199892352951e-01,-1.748992501139087496e-01,-2.085883334432670766e-01,-1.601852847953700310e-01,-9.099848791211449794e-02,-1.205206835920811237e-01,-1.396301120167831589e-01,-1.550097351154597070e-01,-1.248979439195720825e-01,-2.897607676610738578e-02,-2.098737867004729640e-02,-2.258914129364172560e-02,2.047154776586845512e-02,-4.386177281073985051e-02,-8.019530329382254519e-02,3.616360841595409048e-02,1.240438604748822643e-01,1.551450368337684294e-01,1.427092655455977632e-01,2.029383871103938516e-02,-3.154044459432295971e-02,4.673844622090714274e-02,5.865945057390355155e-02,5.070050851431794070e-02,9.391163924482832936e-02,1.098968581707542025e-01,1.156873172018119955e-01,8.719690209618778665e-02,1.798089215064785362e-02,-1.745744183972468971e-02,-2.920189153334641630e-02,-1.478567963666966266e-02,-6.740696757062172514e-03,-2.883935312893302211e-02,-2.687741754276997200e-02,-7.344082997793059675e-02,-1.464933797353843437e-01,-1.682507127457744944e-01,-2.350404205846500783e-01,-2.524714188022491590e-01,-1.651689991588649042e-01,-1.486101683778706939e-01,-1.255052639423379635e-01
-2.838945117663329021e-01,-2.641870586848834579e-01,-3.939282909128132282e-01,-4.469978840915684315e-01,-3.894317154672904402e-01,-3.609662172744325104e-01,-3.051315960003483929e-01,-2.711724010379091276e-01,-3.291478741651376883e-01,-2.846366951666123302e-01,-2.089690948556560957e-01,-2.470043526223832109e-01,-1.903545247568342313e-01,-9.970061074965452796e-02,-1.198683596614495417e-01,-1.193002062293194998e-01,-1.534025645660305193e-01,-1.740870675050566474e-01,-6.793194748131006766e-02,-6.702805459074342997e-02,-1.194742754612910379e-01,-4.143228449118944307e-02,-3.801571742467996229e-02,-1.007798144772951987e-01,-5.932199720686535949e-02,5.712516337288281454e-03,7.539236299472731884e-02,1.159680026584296586e-01,3.336189301085781822e-02,-1.947581007051431973e-02,3.434037350448387177e-02,5.296286540698638690e-02,6.338116690943941534e-02,1.075902768720393837e-01,1.045407617980409487e-01,8.584350540559693155e-02,6.242306208147686830e-02,-6.970854790636313650e-03,-5.719267557920715978e-02,-6.117497946978397300e-02,-5.092217961616622018e-02,-5.367423652338350337e-02,-6.646123775723067340e-02,-4.959698038069636217e-02,-8.008319296543030263e-02,-1.578454790067526647e-01,-1.635898993922507150e-01,-1.884686350351697792e-01,-2.280363376042860157e-01,-1.701193566362420306e-01,-1.558648954283099186e-01,-1.619341341543285295e-01
-4.439989702481882961e-01,-3.610777048814519108e-01,-3.832341461618974376e-01,-4.196011635805502737e-01,-4.481844997101004369e-01,-4.431040901908337992e-01,-3.549279688082002115e-01,-3.367471696797489367e-01,-4.149658290910211988e-01,-3.826565538811149136e-01,-3.344350559579366555e-01,-3.830505136558328139e-01,-3.161427649034492804e-01,-2.171747705027025355e-01,-2.222236278233120088e-01,-1.699131050592362357e-01,-1.730769306276439268e-01,-2.384975344645441364e-01,-1.392950128040412738e-01,-8.218616792267149918e-02,-1.456930241577177876e-01,-1.047845528013545413e-01,-6.703355810862957065e-02,-1.025091172090071973e-01,-8.514619103973460057e-02,-4.472183913948086370e-02,-1.456027017145880217e-02,-2.015748089582148055e-03,-4.193603523012243844e-02,-6.498815748279784810e-02,-3.375234662665925478e-02,-1.859898681845023605e-02,-1.913724857470775538e-04,5.432577805220855510e-02,6.069064240118900166e-02,1.840321158893250264e-02,-2.196845201322971883e-02,-7.699511331721377305e-02,-9.529909480637403785e-02,-7.689949208859804541e-02,-8.383108336576486352e-02,-8.022484139566357642e-02,-7.638878363446501008e-02,-8.925493236141647524e-02,-9.665004243495421699e-02,-1.136907245520041299e-01,-1.120682803699337288e-01,-1.299164155122925768e-01,-1.717511508995797076e-01,-1.602270904728565759e-01,-1.943959961387003443e-01,-2.177766019261022090e-01
-5.774498051317373815e-01,-5.237970202779267392e-01,-5.242351549173993597e-01,-5.115096539926147212e-01,-5.300359468639812555e-01,-5.116286936064707858e-01,-4.358742941895428213e-01,-4.620222233391192979e-01,-5.299252263291153175e-01,-4.878137245439407299e-01,-4.458331917693645341e-01,-4.644312195116633291e-01,-3.930090338471135536e-01,-3.034938685791180868e-01,-2.892674731945694133e-01,-2.022281922021535450e-01,-1.481453054253749624e-01,-2.255030996259606291e-01,-2.120393266608892879e-01,-1.496458888854209079e-01,-1.695514163691995424e-01,-1.640032199399966972e-01,-1.475820059366767245e-01,-1.654112808810228596e-01,-1.415693576609377280e-01,-8.259900918588995722e-02,-6.231766418170164856e-02,-1.017213253739616963e-01,-1.493178397145100145e-01,-1.414535112669982886e-01,-8.986588863585942555e-02,-8.414377141116122227e-02,-1.152020513896971632e-01,-7.262856006911157236e-02,-1.418671651409761543e-02,-1.550263941564849861e-02,-2.849956736711492175e-02,-7.761511649995858630e-02,-1.279007218502896948e-01,-1.347066691749069234e-01,-1.518750594448292357e-01,-1.389615726698298914e-01,-1.415239582006983521e-01,-2.093267910837492973e-01,-1.976188089058078245e-01,-1.183703918675141908e-01,-9.167878317097208352e-02,-1.122670858238680458e-01,-1.046658681131331925e-01,-7.788909836318358426e-02,-1.864353395916624745e-01,-2.781119337811948644e-01
-5.224604641902755864e-01,-4.652257642671229210e-01,-5.650870068843609761e-01,-6.108954282412010217e-01,-6.037079223226780034e-01,-5.462561963569289025e-01,-4.855645991206669621e-01,-5.165835186434956094e-01,-5.305157057722333924e-01,-4.854127642405737797e-01,-4.476478829831214701e-01,-4.204301705511686582e-01,-3.855974061707364009e-01,-3.458621474313213207e-01,-3.089166050221799908e-01,-2.271319885051545084e-01,-1.458911773778798771e-01,-1.760657107020024148e-01,-2.245372943795515830e-01,-2.082792167291438179e-01,-2.044101407454983477e-01,-2.110319491073389675e-01,-1.853758993491066986e-01,-1.690466912309113723e-01,-1.791009751488330526e-01,-1.698325265235550441e-01,-1.553436542333620496e-01,-1.657255056572106144e-01,-1.528180975437621048e-01,-9.530932130978393702e-02,-3.304786186480206805e-02,-4.418183169083278461e-02,-1.204554776511970043e-01,-1.171686503179066863e-01,-7.147537083443034067e-02,-7.185737373678073581e-02,-3.870379682165960705e-02,-3.684035093810021644e-02,-1.172304540041945731e-01,-1.809502277462625430e-01,-2.084361819239263502e-01,-1.692330804948778689e-01,-1.494294392477430178e-01,-2.568525092465882564e-01,-3.059574852973384052e-01,-2.101183224733721711e-01,-1.325229181498163433e-01,-1.365833329349809833e-01,-1.010931710882660151e-01,-4.207418362333825712e-02,-1.898184328125651910e-01,-3.268964650776308711e-01
