-3.310870739647201688e+00,-3.369300303530999408e+00,-2.927528435943082652e+00,-2.821101384217580055e+00,-2.943158216828371643e+00,-2.861154432714406060e+00,-2.616332570147455350e+00,-2.480599092513511739e+00,-2.431266997649394135e+00,-2.297379211217140949e+00,-2.105236609447896701e+00,-1.946551068751795288e+00,-1.743539589339576201e+00,-1.394206330580598729e+00,-9.576913294605553517e-01,-5.259713388695170799e-01,-9.339037268165259476e-02,3.348503786291894824e-01,6.879308239945889358e-01,9.584942011346954116e-01,1.214357158773768930e+00,1.452363599189418153e+00,1.614570416573923861e+00,1.737802635337671209e+00,1.901739512625999051e+00,2.069037637060346491e+00,2.166535842259325051e+00,2.250792237737325951e+00,2.394140295360096982e+00,2.513076135025476443e+00,2.519003761824039955e+00,2.499762746456692941e+00,2.534582054399621587e+00,2.513642478160190930e+00,2.375155875399793004e+00,2.281002704585806118e+00,2.293386543342531336e+00,2.192791065767960568e+00,1.943441830193922248e+00,1.919057758892853682e+00,2.162286564021635549e+00
-3.358716653270049424e+00,-3.208340544271009787e+00,-2.622083826390622541e+00,-2.575076318000386610e+00,-2.788196939774933991e+00,-2.679056216559073889e+00,-2.374512975100806056e+00,-2.248049274066826086e+00,-2.217496086257236154e+00,-2.049880390274484210e+00,-1.837741472233756390e+00,-1.729633042900094120e+00,-1.589870309562724016e+00,-1.263260068960670335e+00,-8.452586274907174513e-01,-4.556908649636730591e-01,-5.532787347479945633e-02,3.550430904901724638e-01,6.599405520260739344e-01,8.604286155505304068e-01,1.089444030799983754e+00,1.347542259123938102e+00,1.509416167133813547e+00,1.587946706666785612e+00,1.700480934576724223e+00,1.823730275929394518e+00,1.876408491470219930e+00,1.944901692581187946e+00,2.123434217237842869e+00,2.277641481850448013e+00,2.277026774255231700e+00,2.257609002567243728e+00,2.332448618889378267e+00,2.321694005088084545e+00,2.126350315235536304e+00,2.008288688094103769e+00,2.086329321877596232e+00,2.013953219173197695e+00,1.673042441840830508e+00,1.610152596080068665e+00,2.034128751909893840e+00
-2.870977504744890219e+00,-2.574737142268613610e+00,-2.021218180016577382e+00,-2.085863957519397793e+00,-2.338811771099576831e+00,-2.192888477824982196e+00,-1.886608133703990164e+00,-1.817480814571604153e+00,-1.818098803303575872e+00,-1.634041719211061006e+00,-1.435902795245832975e+00,-1.400942310338589625e+00,-1.333095117434396348e+00,-1.053596495659580468e+00,-7.036680111562787499e-01,-4.078029933132054641e-01,-7.192766506722335362e-02,3.083411114699066702e-01,5.606270416578168492e-01,6.786536741898175906e-01,8.549489758684510887e-01,1.110909158452328960e+00,1.276940295496461708e+00,1.339572358468299251e+00,1.428837428929362385e+00,1.519264470623340246e+00,1.522288367800864961e+00,1.555918286672482553e+00,1.736979261104338867e+00,1.887776808587462662e+00,1.843815035239327438e+00,1.794551867847119286e+00,1.899115094888955024e+00,1.911038977916156067e+00,1.660519087892795564e+00,1.477582787471227510e+00,1.580645767382447220e+00,1.565995550169214434e+00,1.184427407615859629e+00,1.010901930734934506e+00,1.428190341870158475e+00
-2.701472588736747227e+00,-2.480878773457479980e+00,-2.056617175575952583e+00,-2.164707755316154447e+00,-2.361754381709727735e+00,-2.172051965853518229e+00,-1.901812094721915702e+00,-1.885035993438598956e+00,-1.877211154135725923e+00,-1.653106030259980042e+00,-1.451269054639406919e+00,-1.438969520007018055e+00,-1.371494699850878130e+00,-1.086124695758595049e+00,-7.715287814040602266e-01,-5.282022093759349834e-01,-1.940902688438102819e-01,2.347842679316259062e-01,5.212053690420180851e-01,6.351507671536595900e-01,8.067623165362187709e-01,1.079451888561028028e+00,1.269153936073443845e+00,1.361161878130952685e+00,1.497022627796961158e+00,1.631201102420623439e+00,1.644127666270674748e+00,1.666242015049686387e+00,1.843248663702607093e+00,1.982640483834314127e+00,1.896919239793054324e+00,1.814148215398481145e+00,1.944459270397226103e+00,2.003460139334119372e+00,1.736210140868380547e+00,1.481042038879991862e+00,1.558692774365661560e+00,1.601795329312123206e+00,1.262411553722187607e+00,1.018865351360617844e+00,1.303138448824311180e+00
-2.770712705395557585e+00,-2.666126146305405342e+00,-2.291797832850133609e+00,-2.327775768908168619e+00,-2.431758610195195569e+00,-2.241175021688852187e+00,-2.030494635948079551e+00,-2.025079124537430442e+00,-1.962076332959710845e+00,-1.691617256527629287e+00,-1.485556062438597280e+00,-1.464809467547039112e+00,-1.361785111968999873e+00,-1.062924490376950137e+00,-7.916086585605207615e-01,-6.037673931384601733e-01,-2.780592924917396624e-01,1.838853779595888138e-01,5.016654483857513336e-01,6.317450483420657958e-01,8.159020316889121771e-01,1.093495051574010279e+00,1.272938280114348286e+00,1.363174152975266562e+00,1.535041016479695486e+00,1.725059646514516487e+00,1.764952104549495360e+00,1.773832123407364403e+00,1.932693506291086383e+00,2.068533427510006018e+00,1.973170172026468272e+00,1.868341528736768620e+00,2.002018113699046253e+00,2.109490641884616657e+00,1.884426409496803290e+00,1.608352283451440989e+00,1.637525385624561070e+00,1.694748353850461520e+00,1.437249177958431989e+00,1.236991588718362678e+00,1.455247185565739176e+00
-2.683500948743654302e+00,-2.565325697166275010e+00,-2.132728750302775200e+00,-2.076404956263279811e+00,-2.156838718681123535e+00,-2.037269761851712602e+00,-1.884746971618464828e+00,-1.846530758447672227e+00,-1.721330936575967030e+00,-1.445082254932891885e+00,-1.268531539126779739e+00,-1.246601573155386777e+00,-1.121866337099689526e+00,-8.415641257317990620e-01,-6.379981014400907258e-01,-5.229237955792972459e-01,-2.530938534259516981e-01,1.573052681373805772e-01,4.295672461540384068e-01,5.407815751407463178e-01,7.284819919274599931e-01,9.965721950353643166e-01,1.134319050882586888e+00,1.177058420053069598e+00,1.335141231208033075e+00,1.544889048179704627e+00,1.594754244229531270e+00,1.575637577214169305e+00,1.699005110842644051e+00,1.836375899429116165e+00,1.762061228367810317e+00,1.640773425751518522e+00,1.727104730547073475e+00,1.834273480170313997e+00,1.678341687537565630e+00,1.452894485906817357e+00,1.447408632792537286e+00,1.450633171464589477e+00,1.216444267444062532e+00,1.095141625140969577e+00,1.361210472100427005e+00
-2.478895384011375214e+00,-2.304078288647313677e+00,-1.833933825217390901e+00,-1.766267306619770716e+00,-1.902719055668562920e+00,-1.867056267147260362e+00,-1.729485526951139329e+00,-1.634690648489202536e+00,-1.482985770079926269e+00,-1.254009692512352059e+00,-1.126825566165599257e+00,-1.101705219023737081e+00,-9.629120286397372386e-01,-7.032808470169567006e-01,-5.320607846941826091e-01,-4.362261239821402792e-01,-2.015872477235601812e-01,1.365719978114870170e-01,3.388892995332772329e-01,4.271782179316853112e-01,6.281677959805191946e-01,9.058744475201687685e-01,1.031746187192706055e+00,1.051460417112547452e+00,1.197219400263640487e+00,1.419400821219029885e+00,1.488597598332800809e+00,1.459570815838566293e+00,1.549852098338751372e+00,1.683018300755912078e+00,1.638947409839571101e+00,1.508817924682027023e+00,1.514868461076658734e+00,1.560556041948831796e+00,1.447561986239183085e+00,1.305629082330343804e+00,1.300864451719822679e+00,1.223908036399352417e+00,9.340411893416205036e-01,8.235225827314037739e-01,1.125269947496127854e+00
-2.377774477093324013e+00,-2.226320030793929483e+00,-1.798392775084969530e+00,-1.766434009783826253e+00,-1.938668890413571821e+00,-1.914370182365545237e+00,-1.736263218100811745e+00,-1.596629332491503073e+00,-1.467369594776680275e+00,-1.305600329182542652e+00,-1.205445902450002160e+00,-1.155174695761667980e+00,-1.000288481599266088e+00,-7.462109591627509309e-01,-5.545030872780272180e-01,-4.126634128391297174e-01,-1.674637980082408772e-01,1.303336732211281546e-01,2.952881179038778781e-01,3.813820557993797267e-01,5.939963216775122623e-01,8.844183585139507864e-01,1.035374067999570435e+00,1.082627219354682424e+00,1.238670433310148367e+00,1.470857894894443074e+00,1.570892514492822079e+00,1.563678429732538122e+00,1.635578871603114548e+00,1.747450852956158762e+00,1.722393089244028008e+00,1.609046291826492503e+00,1.568440814707759534e+00,1.545079368249117513e+00,1.430363331512271241e+00,1.346244601730225421e+00,1.370562123331721782e+00,1.266612847845475009e+00,9.425326733970178505e-01,8.088983632479176400e-01,1.076959445912447189e+00
-2.329187900293185898e+00,-2.232182275699952090e+00,-1.851892870287182191e+00,-1.818349350392021835e+00,-1.952136102551089492e+00,-1.874318423215870499e+00,-1.650005054432226670e+00,-1.509813432699802505e+00,-1.433652619881830459e+00,-1.318920515900473989e+00,-1.207880097127740138e+00,-1.123979197594173307e+00,-9.697684654531628645e-01,-7.307045164163020745e-01,-5.195799984555646844e-01,-3.474715241310354918e-01,-1.165375756775871019e-01,1.384735263470724398e-01,2.864058620081819662e-01,3.724747207787683090e-01,5.595530878360320814e-01,8.196602368103719227e-01,9.852051663232666012e-01,1.068016107074282406e+00,1.218234796725934155e+00,1.415926514080880771e+00,1.514947872683277685e+00,1.533953931157908235e+00,1.598961105075292544e+00,1.674161038076551700e+00,1.646523845339097347e+00,1.572784902530209861e+00,1.552968566849998844e+00,1.506272615722015651e+00,1.364336640418252200e+00,1.279578687809127313e+00,1.323975712586974440e+00,1.260074843990869109e+00,9.920396718118579260e-01,8.868329830701102701e-01,1.122076608154454425e+00
-2.189040115334460967e+00,-2.093670961506655992e+00,-1.723570594308105441e+00,-1.664079652814413945e+00,-1.751020259976677540e+00,-1.640215669688776412e+00,-1.418042999222127509e+00,-1.317779844226656394e+00,-1.290730240005298901e+00,-1.188128183106857527e+00,-1.048603970413464648e+00,-9.470890702106645742e-01,-8.137961279095438094e-01,-5.972965951760986769e-01,-3.864943621669927887e-01,-2.347859038654202535e-01,-7.146810051539738418e-02,1.238075527537206150e-01,2.695871332619813043e-01,3.638268843244987227e-01,5.062844790277047924e-01,7.050691381548805925e-01,8.646030858113252782e-01,9.731955071147372349e-01,1.100564794999954854e+00,1.229218926895932817e+00,1.290928819869979538e+00,1.324095323165433324e+00,1.394087937145645606e+00,1.437479901655969616e+00,1.388770045202398773e+00,1.340675015556520133e+00,1.362938865771548436e+00,1.328621422859296075e+00,1.160511612904586931e+00,1.035120375846701801e+00,1.063469162224703890e+00,1.039267103808944936e+00,8.472818367138277296e-01,7.874787171264702179e-01,1.010811592166438455e+00
-2.016091791764191399e+00,-1.902886449818891101e+00,-1.552137930570656854e+00,-1.503137134760818006e+00,-1.594146179800416840e+00,-1.500877050212950703e+00,-1.314043758863932876e+00,-1.253085607914417254e+00,-1.246079209649790354e+00,-1.132409372343524456e+00,-9.721026696318710858e-01,-8.725691045784997879e-01,-7.575942965852368038e-01,-5.409812812436270990e-01,-3.171561060482634420e-01,-1.880286170841382609e-01,-8.665720072370158844e-02,7.495058620872306621e-02,2.533083716978414834e-01,3.882508505137960975e-01,5.141618003485178834e-01,6.673926401001797348e-01,8.204749607083836604e-01,9.580378455353733003e-01,1.090387416833321632e+00,1.186677812383782671e+00,1.223850599373912829e+00,1.263727205366723005e+00,1.344284253360382486e+00,1.377305729552251279e+00,1.308370922039007400e+00,1.250760331055245311e+00,1.277856850385867604e+00,1.251779828378520421e+00,1.078885781724906012e+00,9.285831388093711558e-01,9.313932408058851475e-01,9.069798137354291301e-01,7.245748757832490838e-01,6.390438963766198466e-01,8.088308931229577503e-01
-1.918763965416441453e+00,-1.823295078375105405e+00,-1.516583024683026970e+00,-1.495182856758607182e+00,-1.597740224931650799e+00,-1.517985643939318008e+00,-1.350674089551748169e+00,-1.303733311720563615e+00,-1.294064094415318777e+00,-1.165484123273041295e+00,-9.976011119662850923e-01,-9.083538694357957688e-01,-8.039664054454561670e-01,-5.765610286362008452e-01,-3.330141396189428282e-01,-2.071061243655227535e-01,-1.289649202895406244e-01,3.148479633348010703e-02,2.504776005371621705e-01,4.322922971092306721e-01,5.680705873416546092e-01,6.979233149966211913e-01,8.322544154352613521e-01,9.798381885783644663e-01,1.144198803742287662e+00,1.272078348284572558e+00,1.321067972448173311e+00,1.351818996784056814e+00,1.422009616406347154e+00,1.459078918165705341e+00,1.395234843764310728e+00,1.321989485650682195e+00,1.322875857362445062e+00,1.291771387347247835e+00,1.139455132145677840e+00,1.008024467399034618e+00,1.013483362113925867e+00,9.825963221059533792e-01,7.748675206114475911e-01,6.220814841031258036e-01,7.060017519891176319e-01
-1.845248469019315385e+00,-1.774249813034343370e+00,-1.489018989549676375e+00,-1.455479404235648477e+00,-1.528000875931860847e+00,-1.432592713388219252e+00,-1.272584533825669606e+00,-1.238038027115676121e+00,-1.227909411977994303e+00,-1.087633718854830178e+00,-9.125697914095584062e-01,-8.315294492856361019e-01,-7.473266309637802696e-01,-5.421078858342783802e-01,-3.169994295047788291e-01,-2.058653561409766464e-01,-1.411489596181298434e-01,6.296892957356806791e-03,2.173730126428954912e-01,4.034986018059809054e-01,5.491705841266310006e-01,6.694182460779282140e-01,7.632702282221257573e-01,8.731643853709841752e-01,1.048756885462094779e+00,1.226996654463856196e+00,1.301522367869697216e+00,1.301371073797106703e+00,1.330598084740048037e+00,1.371406352841862075e+00,1.340728225137812979e+00,1.278127184981149078e+00,1.262314404406377433e+00,1.227707075038367623e+00,1.099219962447537169e+00,9.909047236293827554e-01,1.003372157437270706e+00,9.794908477128460023e-01,7.821435098534242902e-01,6.198988362090616100e-01,6.738555540627957363e-01
-1.710686450138005243e+00,-1.631697629796066362e+00,-1.339619016153895892e+00,-1.276208245098715555e+00,-1.317171796587828014e+00,-1.223157178427841885e+00,-1.097091689886116939e+00,-1.095431479743207648e+00,-1.091478311657774647e+00,-9.354932675050974256e-01,-7.442624316408332774e-01,-6.654701168735700501e-01,-6.117507133504596073e-01,-4.596567628130900918e-01,-2.854872339233748280e-01,-2.002318861386617743e-01,-1.469991682084727247e-01,-3.015813427350426748e-02,1.277672444256152673e-01,2.803171960190264933e-01,4.392539091438374954e-01,5.823217965603040280e-01,6.552204315544293278e-01,7.125480647062688577e-01,8.661603782693584330e-01,1.070480059121240890e+00,1.166129920039345791e+00,1.142792192548139241e+00,1.137681460656992938e+00,1.181916850009508302e+00,1.182977217769445533e+00,1.137668232847935723e+00,1.118464606892651814e+00,1.085754092091102629e+00,9.646022796979543124e-01,8.422194629343426886e-01,8.220593511133710285e-01,7.887513075318441924e-01,6.257891391008290061e-01,5.120855514366896566e-01,5.991122670558279850e-01
-1.552223435462355416e+00,-1.455918156608327241e+00,-1.179935243919086441e+00,-1.129475790009932812e+00,-1.184507342896170101e+00,-1.126636089964843990e+00,-1.047918687743207622e+00,-1.071205545975165041e+00,-1.059156823701162597e+00,-8.823288830675991568e-01,-6.778763643763703328e-01,-6.006727929436601610e-01,-5.685953203252466226e-01,-4.569957532015383461e-01,-3.191669011732085615e-01,-2.399444351281083965e-01,-1.732833433052685390e-01,-6.472479983911032242e-02,5.057599315284328628e-02,1.675426985771196475e-01,3.396605060542170484e-01,5.283798692071938197e-01,6.269750206506523593e-01,6.697701147236891916e-01,7.977785161902472000e-01,9.962080808481272864e-01,1.102984124876298822e+00,1.091211942204402874e+00,1.095237872008291369e+00,1.148467417680856695e+00,1.149527880516680201e+00,1.089462385680136647e+00,1.056422640332686624e+00,1.027655916989743456e+00,9.139298296412353695e-01,7.725062984306405589e-01,7.103400841240807839e-01,6.526557541722047828e-01,5.042497240126474489e-01,4.158927498637542963e-01,5.101370864452162701e-01
-1.436176586871707350e+00,-1.342477164496154618e+00,-1.117237282942779686e+00,-1.109537890772947621e+00,-1.187172472077988816e+00,-1.146824207030130660e+00,-1.075208413377459316e+00,-1.081833453069837692e+00,-1.044608028377808973e+00,-8.612473613773587999e-01,-6.674566520495360811e-01,-5.974886227940005012e-01,-5.680407178564702564e-01,-4.694314264247518853e-01,-3.509211581681520586e-01,-2.739254384231001316e-01,-1.859615360338735257e-01,-5.624881429299048718e-02,5.514109109519477886e-02,1.457419727309714197e-01,2.956598394026319077e-01,4.901943876608608752e-01,6.184632770653946121e-01,6.828187308220029506e-01,7.980774021589936984e-01,9.630784123679131392e-01,1.056216922305449168e+00,1.068095205713403661e+00,1.106622206252025453e+00,1.168857035333326300e+00,1.146399281876740783e+00,1.051854616387378316e+00,9.989235538030437622e-01,9.768748329711752776e-01,8.888047930570229793e-01,7.714101256877734514e-01,7.205516010114816350e-01,6.703455470449515285e-01,5.289069529510256329e-01,4.245787706897071190e-01,4.683919018999797013e-01
-1.348493169254541657e+00,-1.265311211999534446e+00,-1.083086357752626627e+00,-1.090223995399322243e+00,-1.148565837498029651e+00,-1.079457600694014197e+00,-9.747623277287740251e-01,-9.461567681602575108e-01,-8.976999650516114260e-01,-7.422960671459098991e-01,-5.847651519695508116e-01,-5.215627835015330671e-01,-4.787757764538054794e-01,-3.853414576943252068e-01,-3.024794852203561701e-01,-2.658683215322279469e-01,-1.930111732910818612e-01,-4.709296214794433943e-02,8.691658663719141475e-02,1.672626616495841712e-01,2.635211108033825855e-01,4.039602251291170010e-01,5.261207603366565566e-01,6.172625219496324922e-01,7.330812707154151786e-01,8.572429282967203301e-01,9.157269940378603978e-01,9.317957082311134620e-01,9.873832007744887118e-01,1.047477709335709939e+00,1.012554982878158816e+00,9.148014183532867660e-01,8.636867226623631266e-01,8.426846884997046816e-01,7.685964433046273969e-01,6.862759825071760300e-01,6.773544781107967427e-01,6.618925490547686863e-01,5.424915788051273280e-01,4.318435834930175465e-01,4.319020163080657948e-01
-1.250424112615308170e+00,-1.171723890168469451e+00,-1.008061369389912532e+00,-1.000586314157032142e+00,-1.023724345415355508e+00,-9.284067265306297223e-01,-8.045481111781835892e-01,-7.618445467639285429e-01,-7.292200722396958712e-01,-6.251107849934679495e-01,-5.110658396416161153e-01,-4.478250089482370688e-01,-3.848371258050611865e-01,-2.971215970986136878e-01,-2.573073268874334074e-01,-2.790620216306757273e-01,-2.515878972911249067e-01,-1.144457965177907988e-01,4.751467012425186764e-02,1.515219070625786757e-01,2.250521363425891097e-01,3.156433060191585760e-01,4.187859330452211037e-01,5.319248783651214785e-01,6.639761177573902939e-01,7.755081310198844724e-01,8.201918200195185138e-01,8.361775415097045805e-01,8.833846102351308183e-01,9.255042365538811433e-01,8.984654182737389361e-01,8.401086567850050146e-01,8.135273730538344905e-01,7.748673334585192141e-01,6.709613501978314298e-01,5.776001871025051582e-01,5.680105619755986268e-01,5.525718422419445552e-01,4.455131367998971248e-01,3.551959201425872736e-01,3.597084538063618497e-01
-1.141709896956244918e+00,-1.068736717248549795e+00,-9.220598442527088157e-01,-9.106381569255961317e-01,-9.314657523329243904e-01,-8.535096153516220641e-01,-7.412186442712799250e-01,-6.906675662371544178e-01,-6.627564916810990692e-01,-5.953151206161569897e-01,-5.182079198863082103e-01,-4.626907485827755906e-01,-3.940819815208573829e-01,-3.102497684106744202e-01,-2.797175951900350843e-01,-3.132953432747891953e-01,-3.117071349620593179e-01,-2.032470439518465621e-01,-3.775481378640017927e-02,1.034146869743045177e-01,2.050943366243900834e-01,2.926384226084131623e-01,3.868191293365221273e-01,5.068974870383626818e-01,6.530231938003125958e-01,7.813574848559091679e-01,8.535665130595990746e-01,8.912072240872780382e-01,9.250944295154244212e-01,9.363071969740801581e-01,9.116333304141486238e-01,8.907867359303539567e-01,8.825495985829375778e-01,8.185195722405476104e-01,6.786741727149854242e-01,5.600132802931340192e-01,5.171050629869390347e-01,4.601980584958095255e-01,3.384722473167260381e-01,2.674646314659384627e-01,2.915034537645772583e-01
-1.031943421128940441e+00,-9.675498346780697645e-01,-8.431577802447787207e-01,-8.407303344688332736e-01,-8.818853365457846039e-01,-8.424386030464380282e-01,-7.432162204399254124e-01,-6.584836465741310541e-01,-5.917183962107704920e-01,-5.233948495243191390e-01,-4.729464956267548370e-01,-4.463060297380256336e-01,-4.046489528708219208e-01,-3.350522548607209883e-01,-2.818219793731942535e-01,-2.688053833639993395e-01,-2.516460234020928555e-01,-1.792642279748842826e-01,-5.470260939457351201e-02,8.474180484645310596e-02,2.075364483686030215e-01,3.004581272246918955e-01,3.769894534398225416e-01,4.719532891944336894e-01,5.993698387834563990e-01,7.289958338436378638e-01,8.265584338850042734e-01,8.876894770324706974e-01,9.124650276049240949e-01,8.941778837914524658e-01,8.568948476380652268e-01,8.419978716936378227e-01,8.307810144405686215e-01,7.581553655643501477e-01,6.326011816077652394e-01,5.421240614015088166e-01,5.013420747043924042e-01,4.201920363800387137e-01,2.869247902259607907e-01,2.236090177036111071e-01,2.458332243705883824e-01
-9.181960735999989964e-01,-8.599391051955580512e-01,-7.493915214055303364e-01,-7.400869059535101213e-01,-7.857350333115356023e-01,-7.777703357754016666e-01,-6.948185852924608774e-01,-5.795076217153304343e-01,-4.654664186056997055e-01,-3.758778543635303837e-01,-3.337777089156485633e-01,-3.325672870966163708e-01,-3.296730083819490176e-01,-2.925609696560097506e-01,-2.290709247408757587e-01,-1.646672027609675515e-01,-1.104545536671419775e-01,-5.656329100904045060e-02,1.650379417657567988e-02,1.156207124224148536e-01,2.179361711789877531e-01,2.922693893184079017e-01,3.426169302480142620e-01,4.050778572990065274e-01,4.955905428718383465e-01,5.913526428968898241e-01,6.683388326871969598e-01,7.201660460816681208e-01,7.377607405187484035e-01,7.159205455055708267e-01,6.819831659225967790e-01,6.658585401006849036e-01,6.436424111866825282e-01,5.748109379544750208e-01,4.889435681959289348e-01,4.498747410837393712e-01,4.343636786085703916e-01,3.568249028594873695e-01,2.312094826410191761e-01,1.712901262390338908e-01,1.744656286009476087e-01
-8.015908053631189967e-01,-7.551628381028535619e-01,-6.527213987670819062e-01,-6.175299334315753619e-01,-6.452882966287827315e-01,-6.644846321180459814e-01,-6.295720689968888895e-01,-5.420952308854954937e-01,-4.307255101639992367e-01,-3.332816794606713318e-01,-2.772798817081720824e-01,-2.633473671960358531e-01,-2.684008328894391116e-01,-2.615453487650240549e-01,-2.195617874283316562e-01,-1.425698701528917423e-01,-5.632049424627359746e-02,1.592193851275860647e-02,8.023636830376405793e-02,1.528994867708221017e-01,2.261359005528390809e-01,2.826298716585573523e-01,3.337665209844828951e-01,4.054364047262798421e-01,4.905623031087668062e-01,5.550193541332485436e-01,5.880935309982485704e-01,6.083688683912727990e-01,6.244146226078314266e-01,6.303575085048992444e-01,6.321987778017739146e-01,6.332754303206833413e-01,6.056049778981078546e-01,5.287674565004640836e-01,4.425851527123564333e-01,3.962974149961276948e-01,3.598709684185261160e-01,2.677187104496812631e-01,1.436232025202708595e-01,7.774688714539403078e-02,5.907031544287773273e-02
-6.885296479177858142e-01,-6.643193630791520699e-01,-5.772333608090011170e-01,-5.189753340990048702e-01,-5.206259523404020984e-01,-5.557075201285152088e-01,-5.779600663879299605e-01,-5.559968659676125524e-01,-4.919834281157496880e-01,-4.124415458333781093e-01,-3.422928831922257831e-01,-2.943271524178522891e-01,-2.738637553746563480e-01,-2.717004054374687061e-01,-2.562867384218316946e-01,-1.978630584536126280e-01,-1.020569153627522152e-01,-9.384354859008786111e-04,8.455413163926674136e-02,1.537497768756111438e-01,2.101189839324023589e-01,2.641992161898061853e-01,3.413025444791165097e-01,4.522282817604948990e-01,5.627597377002799828e-01,6.261178680766579241e-01,6.410585549806356864e-01,6.464626544109791650e-01,6.668567554393748376e-01,6.966466094140344456e-01,7.256140876564797226e-01,7.397681778635731842e-01,7.086406212654804415e-01,6.173261179495229678e-01,5.023961135692386337e-01,4.088278396679000948e-01,3.226285418911965519e-01,2.025363782967411208e-01,6.837902985872472417e-02,-1.593435842375720904e-02,-5.688271813885459327e-02
-5.840722283270003423e-01,-5.718573800475206248e-01,-5.041423651856079546e-01,-4.408629448627260361e-01,-4.200089728593976446e-01,-4.420129812731736219e-01,-4.754937638732092964e-01,-4.832424703781051933e-01,-4.535524591012449203e-01,-4.025995534067471904e-01,-3.485821443918815654e-01,-2.990457052492100365e-01,-2.615814004484766642e-01,-2.425645706271276070e-01,-2.280303002780917909e-01,-1.871544137427945120e-01,-1.065689375267562522e-01,-8.213152588744530164e-03,7.405288302024436164e-02,1.258388863505906508e-01,1.603313628543144853e-01,2.078429755378773114e-01,2.943011127909961888e-01,4.140369282788461947e-01,5.264315755313057066e-01,5.948952655002684997e-01,6.238823077184714183e-01,6.421816221258143109e-01,6.617415201587774076e-01,6.751128206739952509e-01,6.793713333170180446e-01,6.718830674754091570e-01,6.329602127291056313e-01,5.480526087632612287e-01,4.408247304616286777e-01,3.471654926865253010e-01,2.614578410580342682e-01,1.507338019900639758e-01,2.064749586052970487e-02,-8.276412597316513964e-02,-1.484162186473305112e-01
-4.927643881758949074e-01,-4.625351875826525516e-01,-4.087058170187582995e-01,-3.621636221138082590e-01,-3.395717620791300351e-01,-3.414909906668988082e-01,-3.501278300625357276e-01,-3.403255483151380600e-01,-3.079330085282847573e-01,-2.767325723233062806e-01,-2.649374668862504723e-01,-2.591771793048662231e-01,-2.370346295044857554e-01,-1.999259396963980751e-01,-1.626044004594479064e-01,-1.218013834431650733e-01,-6.135969173558554479e-02,1.390008114250391134e-02,7.427850481087540369e-02,1.026049924056623569e-01,1.196555809290110600e-01,1.617471209447929603e-01,2.401122366048753787e-01,3.315500478528680683e-01,4.074031313229482532e-01,4.623241424279564971e-01,5.079618896000007711e-01,5.443464540172702204e-01,5.535473473188822213e-01,5.270250828599958304e-01,4.826125885611980970e-01,4.401482295907138131e-01,3.944786750712093171e-01,3.328077567370659184e-01,2.660925020786274464e-01,2.144147238151417056e-01,1.666974618061440039e-01,8.846242375956955839e-02,-2.625164581229777125e-02,-1.427337498388743797e-01,-2.349410143642416682e-01
-4.054484357657415217e-01,-3.407792300385789064e-01,-2.973941138584894617e-01,-2.790291653685540441e-01,-2.792230909462257715e-01,-2.930599813622291050e-01,-3.040570406692802985e-01,-2.867971014498271187e-01,-2.432648412366385515e-01,-2.153912384318341366e-01,-2.348244456893517351e-01,-2.746933283764408928e-01,-2.806943489287432314e-01,-2.404225482721342733e-01,-1.883690422911917517e-01,-1.455587858169823112e-01,-9.374859181112740747e-02,-2.012584383077031108e-02,5.011018439493029886e-02,9.154175392416837032e-02,1.231990901045812437e-01,1.829843518881344167e-01,2.699344062812762957e-01,3.450752445361975895e-01,3.881365917871862914e-01,4.212377042249847436e-01,4.661485804562702229e-01,5.049229250311819683e-01,5.038199474144510193e-01,4.611259903879753597e-01,4.073991214506849645e-01,3.633972989854110103e-01,3.211389075233096468e-01,2.692664269509154606e-01,2.142715133486610690e-01,1.639674733458807432e-01,1.061141344921088386e-01,2.120203305472399477e-02,-9.090062283764342721e-02,-2.118077939658656594e-01,-3.248245751260426251e-01
-3.012554655630860778e-01,-2.198189283082924717e-01,-1.915024840728019040e-01,-1.853953733907107992e-01,-1.965020844178430592e-01,-2.384269672943993001e-01,-2.886376979766528961e-01,-2.958721980665339202e-01,-2.518105563331084484e-01,-2.137366909404714299e-01,-2.323682269117397503e-01,-2.847202126127876265e-01,-3.084192956190535684e-01,-2.849976459752704416e-01,-2.506991569526568209e-01,-2.271950379337202841e-01,-1.857422903046967444e-01,-9.997826891598227128e-02,2.360811861112182847e-03,7.717558422139474128e-02,1.312887083271967181e-01,2.071237583408519767e-01,3.079399003868220075e-01,3.871216450300363210e-01,4.193211906859938276e-01,4.352754515886981812e-01,4.657847456122322649e-01,4.928680446091703304e-01,4.869357593027371922e-01,4.589512399894051797e-01,4.387165580435381518e-01,4.245204724915944139e-01,3.916048606038513014e-01,3.340646598263747324e-01,2.623380861597893743e-01,1.729170255082445318e-01,5.791585249146156966e-02,-6.566271093358524991e-02,-1.747477776198869126e-01,-2.794423730099029890e-01,-3.991257318541469035e-01
-1.841858848565076090e-01,-1.245685237979949483e-01,-1.251048932068793973e-01,-1.037712324899854599e-01,-8.320269770523117114e-02,-1.244119120479947188e-01,-2.002553638631897337e-01,-2.245535229449467374e-01,-1.772468072132605821e-01,-1.261585402582945659e-01,-1.289611186626885564e-01,-1.684656218311846865e-01,-1.948906712717231315e-01,-1.943272114756727509e-01,-1.912926991534034948e-01,-1.961922275698425033e-01,-1.787557547532173940e-01,-1.097559762142858997e-01,-1.231683292633513511e-02,6.190270152129263154e-02,1.054250488737375341e-01,1.609089996443068549e-01,2.440917846305633576e-01,3.113527402941865807e-01,3.302711155765630235e-01,3.314912818352174773e-01,3.514473208752593170e-01,3.714681035604548431e-01,3.617344310927136930e-01,3.413502039247689468e-01,3.396454722064565779e-01,3.370083382823195750e-01,3.014889009916187357e-01,2.458780917570688451e-01,1.888330120057996053e-01,1.019406526975605021e-01,-3.527088373793314108e-02,-1.711418586753835347e-01,-2.542414107294946324e-01,-3.279276395052603266e-01,-4.527650171659134415e-01
-7.755883217181984424e-02,-6.809250449039881692e-02,-1.174290511377329982e-01,-8.198647023458990879e-02,-1.936010307817044584e-02,-4.116408623634899150e-02,-1.133787378495279830e-01,-1.270164381223645167e-01,-7.081642712981639498e-02,-2.144095544160540961e-02,-1.867109937730852473e-02,-3.762307641267684938e-02,-5.074537038303388731e-02,-5.497402092471344315e-02,-5.600105222326623444e-02,-5.864982563864456350e-02,-5.793850370398351962e-02,-3.501806486223939252e-02,1.447808057451481847e-02,6.161312682056940826e-02,8.708691977788715621e-02,1.164732405243093655e-01,1.694202563098927694e-01,2.112100885096993286e-01,2.106787623526509001e-01,2.034745451250689618e-01,2.310299882409080352e-01,2.616837193393951599e-01,2.466722836386426032e-01,2.067720507902947591e-01,1.832508925912272602e-01,1.557251264934884083e-01,9.633123836058762879e-02,4.568615334395070837e-02,3.587731568403105392e-02,3.082906837432143003e-03,-1.102413243709120666e-01,-2.365970156782480627e-01,-2.978426621904863847e-01,-3.610629680161769883e-01,-5.133805556928582314e-01
2.850945614105034401e-02,-4.756909817033465326e-03,-1.081541070169842050e-01,-8.491369364814263521e-02,-1.812537781347886914e-02,-4.557398118006328325e-02,-1.150593372882390414e-01,-1.129105028245517978e-01,-6.000450365320797452e-02,-3.796372717250930812e-02,-4.541265487973229764e-02,-4.067797189049950080e-02,-2.890883476741679808e-02,-2.286426225461705292e-02,-2.281598696440260629e-03,3.086802777721668958e-02,3.819985485703074335e-02,2.085759435292458205e-02,2.766096391660861215e-02,7.027006130007543150e-02,1.137468637822684620e-01,1.517163017847535100e-01,2.018550361604726784e-01,2.403290013614444720e-01,2.369796651023577116e-01,2.315399633101742349e-01,2.727532018965779237e-01,3.165701099995020806e-01,2.932135549244271333e-01,2.289905595759149370e-01,1.856123976995770197e-01,1.393523341277785321e-01,5.036081771297664517e-02,-2.091854745497892520e-02,-1.580269977191038969e-02,-1.734381128980958670e-02,-1.227696540735489228e-01,-2.626189247759604939e-01,-3.343087229200828459e-01,-4.154197390312898697e-01,-6.075606297092414065e-01
1.545802262285620454e-01,1.137970412773535583e-01,-1.994369069776889131e-02,-1.664958967411601931e-02,2.808427569125305015e-02,-2.283168701362464983e-02,-9.146643513276227211e-02,-7.374415175551218837e-02,-3.356981800574251884e-02,-5.155328892296583143e-02,-7.602784925608559174e-02,-5.152572286024876408e-02,-2.540013403382646723e-02,-2.774213246230623417e-02,-4.217986576372913764e-03,5.456940085055579648e-02,7.115747073997827354e-02,2.982754467169869764e-02,1.857484918168149021e-02,7.681110463217453999e-02,1.441633226375682031e-01,1.885630399179498706e-01,2.416796389312603766e-01,2.943119992751100922e-01,3.015898925093928873e-01,2.911813569255656819e-01,3.219273288955880608e-01,3.550951520839275566e-01,3.163020594881438274e-01,2.448355183790166811e-01,2.197557416875499936e-01,1.960681911907772024e-01,9.372268036096619015e-02,-2.237475618652931542e-02,-5.111574752186668485e-02,-6.291159625830344826e-02,-1.793875754610110007e-01,-3.373656642090581137e-01,-4.183967713647947506e-01,-5.065461059581033432e-01,-7.172281427834545919e-01
2.625079988188639413e-01,2.375908270671554523e-01,9.931780703584260073e-02,9.824265788641686759e-02,1.347289427763837533e-01,8.019370222203944798e-02,3.255539492218440661e-02,8.128034012187695945e-02,1.238013390373477463e-01,8.064200113284909766e-02,4.265730957079130053e-02,7.202914972516287484e-02,8.611917836581559071e-02,4.635534814194229580e-02,4.263558444227581734e-02,1.000696229882440946e-01,1.149126489887176417e-01,5.866041918613996292e-02,3.958190966304188374e-02,9.925416817743618059e-02,1.482392212884631744e-01,1.507004517029299773e-01,1.752371547283188002e-01,2.292430549809864604e-01,2.374167103420729563e-01,2.029369250327192065e-01,1.996139434193524298e-01,2.083758741356533106e-01,1.559009537513961763e-01,8.729057826212047178e-02,9.202563923740336715e-02,1.045339855615449454e-01,4.023876085568056996e-03,-1.464925430465860157e-01,-2.033980994348487670e-01,-2.115904909712568172e-01,-3.081701900896867685e-01,-4.458608699530132169e-01,-5.054623451721146354e-01,-5.800086365010699296e-01,-7.962949787840341020e-01
3.104120211418915365e-01,2.954550766357322278e-01,1.521909806427859668e-01,1.534189082721687247e-01,1.961423506843495701e-01,1.475903479015674702e-01,1.148000360850018886e-01,1.862887288785953221e-01,2.426824821752966710e-01,1.995855243535484547e-01,1.593245692451665529e-01,1.834585824817152044e-01,1.756222321562130873e-01,1.029844542236885152e-01,8.099435317551367808e-02,1.418971948333928035e-01,1.637615664743540811e-01,1.086583908624617345e-01,9.077574863699787444e-02,1.438318886154756060e-01,1.602894468237478498e-01,1.143426555696385460e-01,1.083866455107573429e-01,1.566838121082829716e-01,1.557934419696710704e-01,9.657980136763837098e-02,7.558452853698395535e-02,8.843479695622957770e-02,4.472917956463640793e-02,-2.549628798435714383e-02,-2.332561369598893861e-02,-6.516115677019504102e-03,-1.059159794337598687e-01,-2.616083440286764428e-01,-3.137685959890849086e-01,-2.978422305164943884e-01,-3.625269762014221020e-01,-4.740690691256680411e-01,-5.195434383603450001e-01,-6.014932705057717266e-01,-8.480630590122224532e-01
3.543678707375468862e-01,3.400297474152305655e-01,1.846458582604917908e-01,1.898437618913498826e-01,2.405244175537324114e-01,1.767098658913508202e-01,1.073230016799519293e-01,1.484285377082391055e-01,1.977328330426272873e-01,1.634117234578007505e-01,1.319865580695858964e-01,1.564976606117968738e-01,1.418527529515981600e-01,6.351808559200493309e-02,4.589108306721043778e-02,1.219624349178105027e-01,1.617539880074817249e-01,1.197531247609384675e-01,1.082575790633194257e-01,1.620110100015924315e-01,1.770276038368585880e-01,1.341113992666923826e-01,1.365988191095620086e-01,1.877246339903015371e-01,1.765125471186362038e-01,1.088863755767224550e-01,1.049722581342209249e-01,1.571017159844106115e-01,1.413856006046194380e-01,6.334871074863963891e-02,3.466850196284892993e-02,2.906341535189836678e-02,-6.945080337491854605e-02,-2.120100501120152359e-01,-2.588437148722732006e-01,-2.553207084912562652e-01,-3.432174918757353033e-01,-4.753917620832197044e-01,-5.383310931633351615e-01,-6.477626135558590681e-01,-9.309844051116292762e-01
4.658894370182107281e-01,4.502589695126406610e-01,2.885530965591913133e-01,3.139369873901766694e-01,3.893640549889135216e-01,3.101999684604515584e-01,1.809494446912101595e-01,1.601743646954967015e-01,1.813573847144531459e-01,1.474791174455254428e-01,1.232869476398479325e-01,1.555429353603264009e-01,1.510138044511927513e-01,7.700039037934892916e-02,5.060473255485987282e-02,1.149826611909657986e-01,1.525812560172404297e-01,1.099011764056376100e-01,8.488127850707337385e-02,1.214897168057018501e-01,1.398696274494681258e-01,1.215579712566403348e-01,1.415757332025787407e-01,1.844911603771621500e-01,1.550502739222984760e-01,8.623455283824194018e-02,1.034872804635847826e-01,1.818408242405768760e-01,1.784008000869276300e-01,9.210368200038954178e-02,4.377931956570120520e-02,2.759450195785182955e-02,-5.951424426009263580e-02,-1.848391675053316641e-01,-2.442185010035629322e-01,-2.959033169644305628e-01,-4.497383807821379587e-01,-6.158461343619425765e-01,-6.751167934672236415e-01,-7.707960429987130713e-01,-1.042633738141878208e+00
5.950606904668620523e-01,5.630859000082312216e-01,3.875157218606840592e-01,4.323514976885692307e-01,5.440052941401065656e-01,4.804474824784608078e-01,3.386859003315136896e-01,3.018682835410581022e-01,3.176324555505857239e-01,2.775976254938753995e-01,2.420288325731097812e-01,2.749382506739337928e-01,2.871730938902160579e-01,2.166860926559149025e-01,1.586767617499612315e-01,1.789751785499066605e-01,1.926461296820914937e-01,1.376178256945656819e-01,8.212952407144598344e-02,7.465638640658334158e-02,6.678884469018518677e-02,4.322162397552092861e-02,5.037242575947604994e-02,6.521902342222832272e-02,1.844623636660058102e-02,-4.627237004018822097e-02,-2.833502665012018265e-02,3.043859623281624724e-02,6.140079094449094055e-03,-8.164019461288236912e-02,-1.204224469490663835e-01,-1.300557296864382206e-01,-2.087059782503827288e-01,-3.219766698601773114e-01,-3.869525102836944841e-01,-4.738305478904835111e-01,-6.617278312191694489e-01,-8.182298180725570136e-01,-8.250809223097720357e-01,-8.647184630624378254e-01,-1.097671194809636486e+00
6.688094733019872562e-01,6.090003775090983007e-01,3.949434695710321575e-01,4.177966479675442324e-01,5.266970145284853855e-01,4.747300619804580291e-01,3.637222464168687885e-01,3.743899268889402387e-01,4.254270266295039904e-01,3.786446219391984003e-01,3.075344175537724767e-01,3.222854107673627233e-01,3.512781707903591122e-01,2.981879742544862322e-01,2.255172346919271931e-01,2.154159687626710784e-01,2.168875120799670930e-01,1.653721235612468643e-01,1.015386925005498653e-01,6.986219312920065316e-02,4.134693472146698523e-02,4.758177847428174227e-03,-4.300904909058546680e-03,-5.493270332466887755e-04,-3.426887068873901709e-02,-7.596679674810999372e-02,-6.458424569643667068e-02,-4.531858795523940192e-02,-9.741205447699495534e-02,-1.747421292851509544e-01,-1.948917586678220459e-01,-2.129886205745515071e-01,-3.137093291348975188e-01,-4.292349490603355466e-01,-4.776150628644334484e-01,-5.527948496471282169e-01,-7.333462026087209651e-01,-8.665677396379145581e-01,-8.384818033314678232e-01,-8.612291405142510348e-01,-1.102466939828929959e+00
7.409058056560372529e-01,6.855660214094297933e-01,4.432691971380631757e-01,4.247115586867398762e-01,4.867948923128330718e-01,3.999509444888122434e-01,2.922176747629765536e-01,3.424948851820435181e-01,4.269881208849573562e-01,3.689013409920701703e-01,2.529959827989629595e-01,2.349754859525460260e-01,2.684477641762634814e-01,2.402375638921373235e-01,1.838851646041354537e-01,1.739304161651080705e-01,1.716134868879230779e-01,1.238825575784728433e-01,7.327219840919822758e-02,6.035223887359661421e-02,4.955544682752742458e-02,2.430536984690617047e-02,2.481611627929485378e-02,4.971336774386310442e-02,5.050452969474347742e-02,3.462957135611902798e-02,4.147812804946825194e-02,3.789973298259519813e-02,-2.179774633606902309e-02,-8.545948842011386049e-02,-1.043893001050873043e-01,-1.571335777025892055e-01,-3.022417552688291265e-01,-4.300672714181585365e-01,-4.579323317496337142e-01,-5.149790033189969307e-01,-6.991074639209617914e-01,-8.473808222612259078e-01,-8.413799070672700608e-01,-9.049910172218541549e-01,-1.196437850255946955e+00
8.656537776839300369e-01,8.468272426493624883e-01,6.185369429555718224e-01,6.094316812862053956e-01,6.601482228669903751e-01,5.357731790732951360e-01,3.895505157238695615e-01,4.196105232887031855e-01,4.925884959032109656e-01,4.166519884990526057e-01,2.763311353592067254e-01,2.337430676547713193e-01,2.495976633053184901e-01,2.205091188246080247e-01,1.779894239530878941e-01,1.712325595079305374e-01,1.419084340765460750e-01,5.774835458601434296e-02,-1.307894935512107651e-03,6.499616257618357797e-03,1.347954969048246500e-02,-1.055991389711017150e-02,-7.265468363794661683e-03,3.151400139107520676e-02,4.031992961849378831e-02,1.496836548541546387e-02,8.947445325237807223e-03,5.034814952079321067e-03,-4.811569335475273518e-02,-1.147754685449401124e-01,-1.532140210859407881e-01,-2.349917687061241489e-01,-4.033826998119979801e-01,-5.369473342041669595e-01,-5.596599667301844772e-01,-6.210475816105194280e-01,-8.249064927811390335e-01,-9.920042251501788311e-01,-9.968983021288687629e-01,-1.078804312787000175e+00,-1.393229915200056013e+00
9.570987962330944621e-01,9.264296115110921548e-01,6.991966441611119354e-01,7.407037884380814896e-01,8.540874353862818458e-01,7.559186849793975149e-01,5.924451795763741035e-01,5.802063656749762988e-01,6.095787959858974814e-01,5.159756343264856326e-01,3.894918419936558296e-01,3.570653935620822228e-01,3.498020583979992160e-01,2.896808988669768992e-01,2.451541569198216197e-01,2.449295355111593131e-01,1.863938319506482366e-01,5.050399330662609654e-02,-3.253879980519908816e-02,-2.092918243880285967e-02,-2.768851544378938406e-02,-9.012490243525678180e-02,-1.131022723889378301e-01,-8.279393809610322008e-02,-9.729961635077979953e-02,-1.605603179652046464e-01,-1.792260875990910329e-01,-1.651344940885532964e-01,-2.126934140949818253e-01,-3.039630529121594704e-01,-3.628808744971429578e-01,-4.369862273628770666e-01,-5.910562995536664532e-01,-7.276039002251909471e-01,-7.639898903102823047e-01,-8.337318667330304578e-01,-1.031384945215722437e+00,-1.169117957582164635e+00,-1.128318289566022647e+00,-1.182115274218609624e+00,-1.501500540977951825e+00
9.814964747098463560e-01,8.722452460844427602e-01,5.744201028394508857e-01,6.173190828254586648e-01,7.841020243909653242e-01,7.424540821524757694e-01,6.118529599192715773e-01,5.952236307672327253e-01,5.898384725477477941e-01,4.766588361053081258e-01,3.794673535040999357e-01,3.869799727062387396e-01,3.733436718158313905e-01,2.786108307322879840e-01,2.321006893412514149e-01,2.622174259566384946e-01,2.161114176366142614e-01,7.122400288457683692e-02,-3.020102499273546320e-03,2.899142805039426479e-02,9.902535948041782735e-03,-9.129179978341321611e-02,-1.302495562813701657e-01,-9.220197622472642296e-02,-1.175904577183332356e-01,-2.058791489680562303e-01,-2.187079013475695388e-01,-1.755037882972492747e-01,-2.242601540439380370e-01,-3.453345996373389237e-01,-4.041773594453101359e-01,-4.396595545638582458e-01,-5.752179226062913431e-01,-7.379388861954633283e-01,-8.001818593020150194e-01,-8.602021670977817447e-01,-1.027119493469858869e+00,-1.130975748319219321e+00,-1.059599060633691359e+00,-1.113016899392341719e+00,-1.480993456404071651e+00
1.086854219239298480e+00,9.491165320788466087e-01,5.770937617933432628e-01,5.630724943364635582e-01,6.997760966377345460e-01,6.555007537290296060e-01,5.563519761642859995e-01,5.739916769271905528e-01,5.603206789913045549e-01,4.139078071444342033e-01,3.154280324419779791e-01,3.503487973468502048e-01,3.365842506967290371e-01,2.083971201582529853e-01,1.483167904015675609e-01,2.017324409707148825e-01,1.791241296389925741e-01,4.633116631748757791e-02,-2.172900436402047056e-03,6.338418773185798549e-02,5.233126417346761761e-02,-5.704982645654427947e-02,-8.110954483468478526e-02,-1.269465473249029724e-02,-3.260082787324295600e-02,-1.341879230112460464e-01,-1.429544256065009011e-01,-9.057170184377684452e-02,-1.602433357749313836e-01,-3.062651902579757168e-01,-3.429707773120984626e-01,-3.359118189177150438e-01,-4.789560555108757778e-01,-6.900083944038827299e-01,-7.672151396795996448e-01,-7.985693929739974273e-01,-9.564254038891844001e-01,-1.093380106542777952e+00,-1.059684650160318986e+00,-1.147528030753746764e+00,-1.569566601668664685e+00
1.293670294019533040e+00,1.228885865301169167e+00,8.749463359551794550e-01,8.508598279562921141e-01,9.390957794059016095e-01,8.313204575925485784e-01,7.152202021856545189e-01,7.655237571566846366e-01,7.655310470019487390e-01,5.830069586727030240e-01,4.454850131599845109e-01,4.709794634451497930e-01,4.462893352323103469e-01,2.802332534604784486e-01,1.795286657386861162e-01,2.104652953041558361e-01,1.683309156495994552e-01,1.003926480596838144e-02,-5.373653076012646634e-02,9.910741876431695269e-03,-5.861482922018536497e-03,-1.211557792362874392e-01,-1.384078803588465190e-01,-6.276384652465959169e-02,-9.761986335861431996e-02,-2.273008682005660808e-01,-2.594303345379643244e-01,-2.391857387306847715e-01,-3.576325103229714975e-01,-5.292962321901208966e-01,-5.416134599788227089e-01,-5.083808127595738080e-01,-6.729869671316418556e-01,-9.125973072736327518e-01,-9.657960561662366494e-01,-9.601918532477480284e-01,-1.147729045464275899e+00,-1.358808068385578993e+00,-1.352408283747439821e+00,-1.409589026656823618e+00,-1.806397875284833310e+00
1.357460010406045248e+00,1.316336857338928024e+00,1.006386415869053641e+00,1.057805562698257429e+00,1.182873970617341675e+00,1.038480812242358553e+00,8.763199285649200254e-01,9.328209778695449872e-01,9.626948874213041574e-01,7.779837519723095118e-01,6.113511276504557390e-01,6.190969194814281984e-01,5.908719219926287236e-01,4.119267141749997085e-01,2.854752274238095966e-01,2.911561122719582007e-01,2.251954213918870018e-01,3.666377249406120586e-02,-6.151581417351231762e-02,-2.762278464462820590e-02,-6.512448721774936888e-02,-1.965084733947499163e-01,-2.300334268776590974e-01,-1.765829289880933572e-01,-2.355960879067345304e-01,-3.820382142909796719e-01,-4.305335307291240921e-01,-4.447908916381024813e-01,-6.081211597288664894e-01,-8.013365106177132713e-01,-8.069754240200633921e-01,-7.732901749438175765e-01,-9.499779177963971755e-01,-1.171965789074807418e+00,-1.172218571674391585e+00,-1.146910182920016785e+00,-1.381825596501835562e+00,-1.626533768885521480e+00,-1.556788444931919368e+00,-1.504457574703325973e+00,-1.855648123795851090e+00
1.265935134134709372e+00,1.099620357144434735e+00,7.187719524355125067e-01,8.205618850093585603e-01,1.042973043863953730e+00,9.319937661096694415e-01,7.346599020310337069e-01,7.684626215495403700e-01,8.277795380838354200e-01,6.838961269156172973e-01,5.285734277840746786e-01,5.335201362725937591e-01,5.197276627682541061e-01,3.693811096587398257e-01,2.662356241433655457e-01,2.919267986591564390e-01,2.546284889570658017e-01,9.408029546134917542e-02,3.815452907060315740e-03,2.932569370776848261e-02,-1.242759226032232565e-02,-1.414572417026215001e-01,-1.805956494158827974e-01,-1.376791358984329749e-01,-1.889781869247990354e-01,-3.048550861629529263e-01,-3.252264480498300858e-01,-3.306276028610081186e-01,-4.927530688918165813e-01,-6.849879541681906936e-01,-7.047304336791493373e-01,-6.984752075536786453e-01,-8.772265137747677910e-01,-1.058658928468769522e+00,-1.026775230639489278e+00,-1.029512969286255242e+00,-1.310826052171216283e+00,-1.530072312369088916e+00,-1.366437387429328076e+00,-1.266684157757666629e+00,-1.688187267653429524e+00
1.443787249076739165e+00,1.191829811571815556e+00,6.662240763139051225e-01,7.011851103601492996e-01,9.635785236181230173e-01,9.060596926720523303e-01,6.948694118331719682e-01,6.815083215571190456e-01,7.378169209663204553e-01,6.323902396799548908e-01,4.928485714976987286e-01,4.767201536165163178e-01,4.511540015909294987e-01,3.157378506549648467e-01,2.241321633773499244e-01,2.501699166843356359e-01,2.293358394401290301e-01,1.009371671578798979e-01,2.373451721701093711e-02,3.790177798364141593e-02,-7.991854145231640574e-03,-1.262020346781302094e-01,-1.628340292427511438e-01,-1.249445059895268467e-01,-1.629504966397553878e-01,-2.498330615676830069e-01,-2.505501019504531857e-01,-2.395387362488505811e-01,-3.686595548953529589e-01,-5.377084568314182134e-01,-5.839441662454111226e-01,-6.235003354207193649e-01,-8.016352575973999528e-01,-9.506842222720310875e-01,-9.344814882782535026e-01,-1.004939029391422212e+00,-1.313926747891595470e+00,-1.488437766635923643e+00,-1.309533293984151969e+00,-1.312915707805325960e+00,-1.881874518768201776e+00
1.933622552425063645e+00,1.835702921770417051e+00,1.290021958011447367e+00,1.208408219561642349e+00,1.406251019232731547e+00,1.370504865077311729e+00,1.169200347084728309e+00,1.105690864465607159e+00,1.117775287941408235e+00,1.011617471127528090e+00,8.583377691760560868e-01,7.820707683719050340e-01,6.968662969154091336e-01,5.277214803578381686e-01,3.860641227880746706e-01,3.291771751195016749e-01,2.378589006287167573e-01,6.984455464028593852e-02,-5.386437763587555161e-02,-1.041185827289320548e-01,-1.952443370103233156e-01,-3.315003715117359473e-01,-3.929157690777067002e-01,-3.927782715105803679e-01,-4.601801566888688577e-01,-5.796459050826283654e-01,-6.348521568009800609e-01,-6.622622366441722752e-01,-7.745694248396804982e-01,-9.184430464734023580e-01,-9.931332173499554106e-01,-1.075821294364056380e+00,-1.243153608530335852e+00,-1.366911018020247948e+00,-1.388195656656116217e+00,-1.515165539332715472e+00,-1.806447473800187220e+00,-1.940002648591772960e+00,-1.832210268957689792e+00,-1.989780027661259165e+00,-2.592715126058657837e+00
