5.456957263306964467e-04,-7.049637473686036493e-02,-8.265109470967114957e-02,-9.576918841866143006e-02,-1.398530506082953928e-01,-1.506971973190011915e-01,-2.026934016344457135e-01,-3.273987800073505650e-01,-3.062696203379984827e-01,-8.015876700028867763e-02,6.139521974085410810e-02,-7.522973867823617294e-03,-7.856322315031587233e-02,-5.036693021850102009e-02,-3.294020180453482299e-02,-6.898797929320182876e-02,-1.166255100535529554e-01,-1.706478333492043864e-01,-2.324246261660934398e-01,-2.951485221173473228e-01,-3.595833179684600478e-01,-4.010720038002066334e-01,-4.043563602397446943e-01,-3.995280172027836918e-01,-3.954020030110525497e-01,-3.742302253517356125e-01,-3.401450946644693496e-01,-2.840749928137895064e-01,-2.026033675585560967e-01,-1.526094909966723145e-01,-1.459565109049963672e-01,-1.253179169384322222e-01,-1.352311671811904370e-01,-2.406623977632027511e-01,-3.061865813771004752e-01,-2.132643430524680250e-01,-1.182139361831796021e-01,-1.598350545894350605e-01,-2.168111517351647977e-01,-1.787076272385410280e-01,-9.915242155506519273e-02,-9.569227493157361764e-03,1.042804278330926038e-01,1.940159267289987555e-01,2.017576276024607984e-01,1.270903076682083077e-01,2.547754865785225101e-02,-1.870047624698695232e-02,-2.052662343325804134e-02,-9.129323120519339252e-02
1.599668069151189143e-01,5.954731038346102595e-02,-3.749091297569751707e-02,-1.050487131819220349e-01,-1.605316705711460068e-01,-1.481604250701684111e-01,-1.430764341723711197e-01,-2.341577388060318843e-01,-2.462147675709812078e-01,-4.942600575996129036e-02,1.384839242757568423e-01,1.476224031538772019e-01,1.148198417408182598e-01,1.281741977363596019e-01,9.714492005021858889e-02,2.196396050753933113e-02,-1.304279662350236839e-02,-2.422373388816376899e-02,-5.888058590214031995e-02,-1.019456489855126713e-01,-1.441305615553701847e-01,-1.951629742740420004e-01,-2.389994723135144272e-01,-2.551037797599318147e-01,-2.465534135637231505e-01,-2.351259753612311987e-01,-2.268131270206370786e-01,-1.787454466243016682e-01,-7.983739304441253570e-02,-2.134541454161184570e-02,-4.963544846278825085e-02,-8.542907329558374618e-02,-1.144937896479664985e-01,-2.048476088765933956e-01,-2.862143937477248934e-01,-2.452256643404708003e-01,-1.696339547484928267e-01,-1.717474277939863569e-01,-1.696181250643526428e-01,-8.985737798548934507e-02,-8.251297245941358743e-03,3.234523465954418364e-02,7.429061772606256053e-02,1.177572534456646502e-01,1.193641346457918750e-01,6.056826568938360189e-02,-1.573040036040193948e-02,-1.943137105403051207e-02,3.251405817971114720e-02,-8.817664229597744693e-03
1.890707071729862687e-01,6.189126344022274212e-02,-9.282026244730322284e-02,-1.591231845339384221e-01,-1.777829519200765096e-01,-1.513791068315049615e-01,-1.176493718613204065e-01,-1.484243487479455781e-01,-1.457316834956898510e-01,6.904835890927862527e-03,1.832702622341032539e-01,2.369708709763834187e-01,2.265996188547817203e-01,2.081143368048893050e-01,1.430007569854756522e-01,7.172222599108586671e-02,6.542824462298779675e-02,8.127498690860164576e-02,6.517618720748369343e-02,3.376021353859725432e-02,-1.534396743203772853e-02,-9.733571777345871590e-02,-1.688595820168576345e-01,-1.837825508884183279e-01,-1.605226917062877734e-01,-1.491043158883104958e-01,-1.636754573055497208e-01,-1.500193133266476408e-01,-6.573672165277520685e-02,1.554831630059789159e-02,4.468056559597456678e-03,-5.971478782074095271e-02,-1.162796847418802876e-01,-1.885975530164945013e-01,-2.603227717247788009e-01,-2.579883790230527163e-01,-2.003859787758534294e-01,-1.525274570009098607e-01,-1.017531557772884676e-01,-4.131455089493248078e-02,-2.203696521362577890e-02,-4.656182739290030959e-02,-6.931768069110094688e-02,-7.196873654383627306e-02,-5.260923790331992894e-02,-2.875204090917892266e-02,-1.874083599774210851e-02,2.991602501021706217e-02,1.218671512722668548e-01,1.039772454074219948e-01
2.186782798709004383e-01,1.118689485236325082e-01,-4.763988802563263320e-02,-8.332105900916519925e-02,-7.384783468242628324e-02,-7.869073456941723388e-02,-6.230623615598333831e-02,-3.717977930840050266e-02,-8.715726442786085604e-03,6.222636075046512893e-02,1.451957259192216410e-01,1.749840339515048027e-01,1.585701654900930346e-01,1.234923946209720291e-01,8.134374421551050782e-02,6.434252745915527982e-02,7.366539262452144465e-02,6.219581383353525728e-02,2.542362934692948481e-02,-1.608002938501418982e-02,-8.721480453400527744e-02,-1.853230618204336766e-01,-2.438276328716776908e-01,-2.411529630676607638e-01,-2.206926211538157989e-01,-2.092425353681796885e-01,-2.086542402378371019e-01,-2.045066222410256429e-01,-1.637927780686879720e-01,-9.949670964840963416e-02,-7.176200048698296030e-02,-8.272344101243978010e-02,-9.256654809189616973e-02,-1.188852982870225589e-01,-1.832697751851832257e-01,-2.309497082278717250e-01,-2.070467409045029794e-01,-1.346565470672620446e-01,-8.049061888105524254e-02,-8.512743063553365741e-02,-1.133385665390436586e-01,-1.021628961171410499e-01,-6.973221271646320996e-02,-6.517589031650422582e-02,-5.548197003433496394e-02,-1.572414932486690745e-02,1.068038664536493342e-02,5.074208262051755486e-02,1.372755423855741286e-01,1.281157090480926353e-01
3.025500510244930608e-01,2.275157184355997286e-01,8.453534644539617560e-02,6.388329918573944222e-02,7.548316276270754244e-02,4.786196783821015238e-02,6.380626976385796179e-02,1.308420558376755527e-01,1.547644677842437977e-01,1.235208541106526253e-01,1.036746418748761417e-01,1.132602583745740410e-01,1.168293123906964937e-01,1.029601125640575293e-01,9.908315480036812561e-02,1.045919374951233272e-01,7.007952947059406523e-02,-8.802185714292859800e-03,-6.621051479942156870e-02,-9.199706919236688707e-02,-1.474794972135857196e-01,-2.262434191121444060e-01,-2.677572490971458774e-01,-2.845623304760383498e-01,-3.090257255025697369e-01,-3.019193344228316422e-01,-2.459215942289023349e-01,-1.996180440026534553e-01,-1.858469578012400814e-01,-1.611670590397391301e-01,-1.044397656535361596e-01,-3.328675183142075500e-02,2.388598774612663359e-02,2.043908632938137501e-02,-6.718254562896332216e-02,-1.706439508596877541e-01,-1.832727096410057543e-01,-1.045155334741279807e-01,-5.906155380047225373e-02,-1.131366068110881001e-01,-1.509045271627298124e-01,-6.170945550486060110e-02,5.619493968612679358e-02,6.871098902045517931e-02,2.436860415610244204e-02,1.593720386555012251e-03,-2.462564772169288305e-02,-2.660055310611642021e-02,4.217477773588684808e-02,5.242268719395321019e-02
2.964376063824433194e-01,2.406775253534705061e-01,1.531727215771252482e-01,1.460849830009089134e-01,1.326362246259009114e-01,9.213924949229707062e-02,1.219801333397759896e-01,2.068015012641162276e-01,2.236354692565711288e-01,1.605588508857055119e-01,1.230593403043559741e-01,1.516536058595014391e-01,1.874596048596407494e-01,1.990645620013338224e-01,2.081575499817546471e-01,1.914745087096821896e-01,9.735725410694504034e-02,-3.218005578159421898e-02,-1.018039684346781909e-01,-1.150620788932460725e-01,-1.401674565406240136e-01,-1.782765107285407546e-01,-2.086433204039551126e-01,-2.665356500749856417e-01,-3.490582168751072412e-01,-3.672390646714867035e-01,-2.886787771259510249e-01,-2.009047930332666099e-01,-1.695005560300668068e-01,-1.470775926921339960e-01,-6.982652326629947004e-02,3.861646682090360411e-02,1.002830459655387613e-01,7.004816964708253380e-02,-3.481755879332417564e-02,-1.409276122262446695e-01,-1.499404146727550124e-01,-5.244792873506490261e-02,1.301527482041641738e-02,-4.444290252907682343e-02,-9.514253543279387049e-02,-1.024335199443752488e-02,9.850672575872281012e-02,9.132859359374577435e-02,2.874831914359177176e-02,-1.148523860093457992e-02,-5.675013258680960959e-02,-7.395352348710854118e-02,-1.374162545075952729e-02,1.444735364916795335e-02
1.965424934296784165e-01,1.716765100140772993e-01,1.804307984598081394e-01,1.888436800553119632e-01,1.190151610239583296e-01,4.659697303696868492e-02,7.228220790906343673e-02,1.484662871063272827e-01,1.800215820535733813e-01,1.699611691075329500e-01,1.759816626697202901e-01,2.049647874725261110e-01,2.205929441569678962e-01,2.185202862192600626e-01,2.181888379605012862e-01,1.955150185154779230e-01,1.158130363791538414e-01,1.299326859243509109e-02,-5.919335578671326703e-02,-1.047168731086399601e-01,-1.365740519537815834e-01,-1.401693234749817607e-01,-1.387119988794230929e-01,-1.887857327183619094e-01,-2.819265209999443633e-01,-3.384081209490376052e-01,-3.087332945326808908e-01,-2.304305517521446356e-01,-1.693119825871296225e-01,-1.221915923010535726e-01,-3.696521868378527254e-02,6.230821821824994444e-02,8.452882538097705734e-02,1.713701322727783152e-02,-7.187360751853294483e-02,-1.343818177681664061e-01,-1.246290895408887905e-01,-1.908442382450596317e-02,7.283956209444537866e-02,3.669989724478922577e-02,-3.104291439571358821e-02,2.165046105906975361e-03,6.233540314397444798e-02,5.608401972018878245e-02,4.442887259423221324e-02,5.276471938723992228e-02,2.422191637813101914e-02,1.524586665298412799e-03,3.730066612659394681e-02,4.561031663765859057e-02
1.612942243690536070e-01,1.586423525584735594e-01,2.184077493641445877e-01,2.140274410399354565e-01,9.621206538397643337e-02,1.596239486896080043e-02,4.791756238955321989e-02,1.078592491978141721e-01,1.464176313643561489e-01,1.853486849091199040e-01,2.218729546918750961e-01,2.341965960997899332e-01,2.212350243488334645e-01,1.948071117881594039e-01,1.667750545697708475e-01,1.410986775266784010e-01,1.173932271871728494e-01,9.641070558387494771e-02,6.215713381016864381e-02,-6.765868001417756072e-04,-5.765351117898451921e-02,-6.358488939519628402e-02,-3.955271770245860630e-02,-4.381566190472704209e-02,-9.981338709163230238e-02,-1.753438840733690940e-01,-1.997705931193111961e-01,-1.449580501507198305e-01,-7.898984523686111703e-02,-4.260178589233039326e-02,2.733798829022587862e-02,1.310243785049161613e-01,1.579429142705769951e-01,9.206687486541366428e-02,2.023607188305178578e-02,-3.837986737565374923e-02,-7.154812701154530941e-02,-1.759193467632688690e-02,5.818314979484842664e-02,2.344016565613720945e-02,-5.070811819967951939e-02,-2.293541934283122377e-02,5.034481881370494322e-02,8.496802176551541963e-02,1.263987478505220197e-01,1.614212863255059804e-01,1.242163872635631272e-01,7.952580457968386196e-02,7.854529363943081599e-02,4.222614954562161488e-02
1.941498500133756744e-01,1.687921383263304431e-01,1.949316774252768114e-01,1.660264229051251761e-01,5.920159919501181284e-02,2.266677494645839841e-02,8.244723598838754608e-02,1.354215869608675626e-01,1.672202700751904136e-01,2.161759121202553036e-01,2.696967296536529890e-01,3.161787097045644090e-01,3.503339780748099819e-01,3.335279155467329448e-01,2.550281621370970586e-01,1.680179344667618035e-01,1.247670787369200562e-01,1.333527848543150651e-01,1.602333845293601178e-01,1.538529347655547552e-01,1.020676341708817020e-01,5.158883814378280308e-02,4.603617020966186552e-02,6.623144913386126709e-02,4.785227062493045691e-02,-1.886644575708153540e-02,-4.017377685701738893e-02,3.062024807419599925e-02,8.426401737542422998e-02,6.430756043546319300e-02,9.750825088030860843e-02,2.286299805024085696e-01,3.098794699731675095e-01,2.805186223462625694e-01,2.151260455180230846e-01,1.168310661896297953e-01,7.281220480719096180e-04,-2.001223748244506870e-02,2.196934895926378958e-02,-2.901312710083875021e-02,-1.145564597828078596e-01,-7.475213294823518373e-02,3.136133739506859891e-02,9.601455736881439607e-02,1.528267782114672846e-01,1.840324880733380242e-01,1.288793603758459083e-01,6.927943268348936423e-02,5.261080915959435306e-02,-1.328144452723987318e-02
1.679408922233412704e-01,1.241571811253063123e-01,1.244092443263644654e-01,1.160369569151690344e-01,6.096624607808845409e-02,4.997991507667657457e-02,9.873824300085617955e-02,1.441288133954360950e-01,1.888912975642757230e-01,2.514816391157649322e-01,3.238211277565174462e-01,4.236719658235632013e-01,5.262861373043610236e-01,5.330720204154150155e-01,4.191448805281355883e-01,2.664982124056854973e-01,1.428782818440178237e-01,8.832971763555493017e-02,1.278813894015821961e-01,1.919966434931835164e-01,1.652206051154898048e-01,6.358460215717776087e-02,1.454086049272941897e-02,4.726731994186104957e-02,5.545412551055668715e-02,4.537485011062067884e-03,1.223736773815721664e-02,1.192996975295751716e-01,1.750881583988018464e-01,1.177913519004452764e-01,1.117408620087509546e-01,2.264277039436906058e-01,3.104223079700053067e-01,2.972678600149420425e-01,2.534849539383199346e-01,1.579871254039323936e-01,1.563503152945844646e-02,-2.672992953707522754e-02,2.927127123387646829e-02,2.568356067626082189e-03,-9.039742361460173514e-02,-8.793705910937581194e-02,-2.094749122889120324e-02,2.190161950827236928e-02,8.422779472057506656e-02,1.397579837807484404e-01,9.937149685836621504e-02,3.825329983642871551e-02,2.281855439660537485e-02,-4.446594770551774711e-02
5.696629297007817921e-02,5.210377785403753209e-02,9.051286214017192910e-02,1.357299003053915043e-01,1.195263057532487266e-01,8.442693566570635966e-02,7.379914288131811384e-02,9.401779685196935687e-02,1.607183004418150651e-01,2.495942856287187150e-01,3.252569339006746718e-01,4.163498296977264923e-01,5.154788218205900163e-01,5.345158561105993744e-01,4.567751450782578937e-01,3.435539610323039006e-01,2.109182934231075002e-01,9.508295317597553753e-02,8.976933193088537655e-02,1.571294710524726301e-01,1.313984162171597248e-01,4.638372300053703219e-03,-5.392318501835841743e-02,1.732562832702016706e-04,2.886264575456298082e-02,-1.642307067925619785e-02,-8.747107390090430937e-03,1.034484484710241625e-01,1.853136582613487404e-01,1.643602269525923365e-01,1.536951381339175526e-01,2.047786033538628869e-01,2.175606843578000438e-01,1.781993785410191100e-01,1.589410871297348149e-01,1.087398421810774202e-01,-8.672570410043822786e-03,-4.617582642796097536e-02,4.770033806207341076e-02,9.682132657117321906e-02,3.461827974500246430e-02,-2.246590610306090086e-02,-4.666663273078093532e-02,-5.823260607836129588e-02,2.851568422677039708e-03,9.266101829663829503e-02,7.884914922002467241e-02,1.216828029524944475e-02,-1.860986461188834538e-03,-4.128213043437394675e-02
-7.681822306776683873e-02,-3.369002930998499235e-02,3.407743637214051546e-02,9.348051923986373801e-02,9.341594288242600908e-02,6.035314571145179718e-02,2.436766828616331731e-02,7.829588182871542734e-03,6.146437769857224925e-02,1.724451545623258142e-01,2.616475542325205073e-01,3.189608083954639239e-01,3.753419127764499597e-01,4.067572105844258767e-01,4.023247666511727272e-01,3.832962890164126613e-01,3.224372492092787978e-01,2.238481651344658707e-01,1.841441641845014965e-01,2.083816298566204539e-01,1.677538179406335705e-01,5.061187883216882594e-02,-1.718184046992444645e-03,4.291411503961461288e-02,6.424629952865414106e-02,1.902642228116241396e-02,4.655705921518724609e-03,8.019816740342655681e-02,1.751420654062947890e-01,2.198459576227801693e-01,2.462626607851545191e-01,2.809803277559971835e-01,2.736533589129205302e-01,2.223467323847715671e-01,1.878023451853181591e-01,1.360055405656353245e-01,1.389860354836711109e-02,-6.113223998947241167e-02,1.977087814137085467e-02,1.306926277378525902e-01,1.263174182920711874e-01,5.168426302497864527e-02,-1.754154147154568175e-02,-6.204899842265246962e-02,-4.179489797109552096e-02,1.549065817180824908e-02,1.140741038313713551e-03,-5.934405313604940863e-02,-5.580347587443312829e-02,-4.268952110524242005e-02
-1.721453417389715856e-01,-1.237358020842633244e-01,-7.375621634822460138e-02,-4.279584812965482599e-02,-3.132510310600544051e-02,-8.041717185263879200e-03,-3.557193510994451774e-03,-4.464701023568251603e-02,-2.948988069589181596e-02,1.084461367245509456e-01,2.552508638683988473e-01,3.181625786575547621e-01,3.504081481373973461e-01,3.875551472296233091e-01,3.974214696731844243e-01,3.802590692205169431e-01,3.481797857138492769e-01,2.996108509350813853e-01,2.695159775974126926e-01,2.718569812132613506e-01,2.467402920737546135e-01,1.764068560016385234e-01,1.265001356395148435e-01,1.188971412044354803e-01,1.072707892390297735e-01,7.702963770285777001e-02,6.439894443486830766e-02,9.751526714100655635e-02,1.563097491976055686e-01,1.977931075801266370e-01,2.358802747056979732e-01,3.184721625226225039e-01,3.999710317135898308e-01,3.893111843680579498e-01,3.044208437029946035e-01,1.961486807657592535e-01,4.948476126062364283e-02,-7.306682910363196393e-02,-4.213068297764385045e-02,8.257213889656365990e-02,1.209975255901530461e-01,7.494646428196621857e-02,5.114882925000614755e-02,3.608756374537041428e-02,-1.066640570672145599e-02,-5.871372046900423525e-02,-1.000875086750676879e-01,-1.259545436504515836e-01,-8.709796242218827145e-02,-2.991580525182841246e-02
-1.925642753011781450e-01,-1.598844708141637927e-01,-1.140012721058984019e-01,-8.672064256280927197e-02,-7.261469259944340615e-02,-1.940767888839393246e-02,3.000063455315635577e-02,-8.652341148295483123e-04,-3.378548898953059442e-03,1.495065976112610051e-01,3.327972700929073269e-01,3.958830351290008043e-01,4.117067342130594776e-01,4.493359845099131888e-01,4.291689392168008266e-01,3.368737759725601855e-01,2.642844177037853570e-01,2.364270064929129833e-01,2.253960124097344753e-01,2.351391239357351615e-01,2.529368933140038744e-01,2.406476995475451408e-01,1.968307421012817360e-01,1.489354083760772718e-01,1.202595996748697937e-01,1.219083775062880515e-01,1.437857563111160641e-01,1.688665432671572764e-01,1.771523924215959445e-01,1.453862263076601824e-01,1.247743113923772962e-01,2.204246782935638527e-01,3.794028140593539988e-01,4.117490761523414089e-01,2.969145185064145931e-01,1.667576708035646282e-01,3.873480740669534017e-02,-8.707840001192225510e-02,-8.416833039209825618e-02,4.131083375464564278e-02,1.006854240498514658e-01,8.528102191182992953e-02,1.356992469143541435e-01,1.885309736630857436e-01,1.054334517543150523e-01,-3.217051405863466385e-02,-9.167650339147705163e-02,-8.032140203120211042e-02,-3.023460502225309987e-02,2.400477164813777722e-02
-1.789167080060163062e-01,-1.748936894346210524e-01,-1.131903297514497003e-01,-5.888865865505283487e-02,-6.594492986754611763e-02,-5.366942037590593378e-02,1.004184020846365412e-02,3.175771669629336852e-02,4.245955185510227881e-02,1.557098326629984542e-01,2.857384377731098102e-01,3.126043485671950450e-01,3.340655608342156802e-01,4.137493537221172413e-01,4.194963467884479935e-01,3.163383318913463582e-01,2.342227499904003807e-01,2.099339100710840844e-01,1.943015978843796454e-01,2.045262198357433447e-01,2.460238467008696861e-01,2.554616337022292960e-01,2.140622199652375546e-01,1.674364804236387616e-01,1.463090308213450541e-01,1.556542853731792408e-01,1.906679147668332019e-01,2.291329993751236860e-01,2.281783782814069406e-01,1.582311150341449146e-01,8.628043257421771917e-02,1.346829747114716147e-01,2.635635434814254108e-01,2.925395350079277312e-01,2.080200426102523648e-01,1.356944019117473366e-01,5.430009691158103197e-02,-7.061849820014444445e-02,-8.226934278739432560e-02,5.997349050740539977e-02,1.485573489041562834e-01,1.424332815139758845e-01,2.019569159534881364e-01,2.733047058654504702e-01,1.928423843952537797e-01,5.567717709996767433e-02,2.261782091998466165e-02,4.721958950163471225e-02,5.538263659544635092e-02,5.667508816923918363e-02
-1.773572258436297011e-01,-2.330561709044760010e-01,-2.017002501564571504e-01,-1.493842211718519053e-01,-1.917108037351279715e-01,-2.380353477512455185e-01,-1.700738871582592182e-01,-7.852488329699093550e-02,-4.020972653914211409e-02,8.925573226423694911e-03,6.118497379791403706e-02,7.767970402617642434e-02,1.476914016228654536e-01,2.863258351131240387e-01,3.471450913783759584e-01,3.100865353984396111e-01,2.925453706092742689e-01,2.901764289464304203e-01,2.543347108573514870e-01,2.491049487808600915e-01,2.910063412471111666e-01,2.925865214129950154e-01,2.487778092013000764e-01,2.232331196826473352e-01,2.053881822523792589e-01,1.697679001258733111e-01,1.516464932290744749e-01,1.660954540405131796e-01,1.695969553001756280e-01,1.355645853543572810e-01,1.060129102684444352e-01,1.346157264216484850e-01,1.847412423511687052e-01,1.817934387686665765e-01,1.630788012579056090e-01,1.786848768172218105e-01,1.263777446654512915e-01,-2.441457022328599388e-02,-6.116564061415036974e-02,1.028153736915444205e-01,2.455989284281236695e-01,2.540009307359628599e-01,2.529416390583279495e-01,2.511830843365327470e-01,1.657310033501835922e-01,8.976249471613634290e-02,1.124445943526509173e-01,1.264009249358178655e-01,6.201327080814775933e-02,-7.293738264568861741e-03
-1.282164755746221518e-01,-2.357013112052668835e-01,-2.664320804615856741e-01,-2.461583884599706229e-01,-3.054390264075219630e-01,-3.758424746318421716e-01,-3.129834875734106570e-01,-1.852495082938068749e-01,-1.142885398691525639e-01,-7.570047074635659345e-02,-3.468650456737699256e-02,1.044509051775912613e-02,1.020151934785506198e-01,2.087918220173303196e-01,2.363047179779561580e-01,2.366365100745522754e-01,3.014412898367552218e-01,3.439151580137683739e-01,2.991131142310448077e-01,2.829694547349279610e-01,3.337540866130611072e-01,3.423462612121796478e-01,3.041991993177180498e-01,2.930919731638918502e-01,2.694520916364182561e-01,1.837922502285626869e-01,9.440098222170560660e-02,4.206810279620117748e-02,6.568279909412345560e-03,5.059282473083255745e-03,6.277099189017192049e-02,1.276588015639887885e-01,1.294520081872309603e-01,9.257228248509664914e-02,1.105823007852293899e-01,1.773497945608292214e-01,1.501175173280532293e-01,4.434333154512169056e-03,-5.031643879094242766e-02,1.001158024885277914e-01,2.811015266216542186e-01,3.329432189449861301e-01,2.942704549126110014e-01,2.134333636898782527e-01,1.127463573653823825e-01,8.187619940121292073e-02,1.301630060003713951e-01,1.212892415007970487e-01,7.252409664256681369e-03,-1.065210116484410774e-01
-2.278615342814396816e-02,-1.203775810295309445e-01,-1.628762296817827526e-01,-1.491830203043206793e-01,-1.903897180466095629e-01,-2.519996346560094969e-01,-2.176831531833511024e-01,-1.160590748972392672e-01,-3.152287477671753685e-02,4.088600025380510761e-02,1.128937988827920791e-01,1.717502188017343279e-01,2.238907340930719192e-01,2.328031448370818657e-01,1.717191075624483199e-01,1.546626246782368819e-01,2.569778336578831812e-01,3.375114589246429042e-01,3.068466014248281137e-01,2.958283552328586641e-01,3.592003586168537321e-01,3.779553196703975271e-01,3.338708182328642415e-01,3.122347520895298323e-01,2.898166701638406617e-01,2.111497372932650551e-01,1.138145863008926256e-01,2.284550969645242346e-02,-6.518076382437223981e-02,-8.243146984778941533e-02,8.839044032435260101e-03,9.928765670028652512e-02,8.621735848210371200e-02,2.836825774728801708e-02,3.786965927167028345e-02,1.073297658176668307e-01,1.230221333268910755e-01,3.948573192340405769e-02,-3.017813048049015207e-02,3.028517210490055261e-02,1.712912668896519608e-01,2.653518406957961484e-01,2.650208139654290918e-01,1.974078577798356049e-01,1.196285027220713726e-01,9.754838283962410928e-02,1.239867724358055118e-01,1.082411847430844037e-01,9.590330253622264892e-03,-1.057091251834989809e-01
1.101226027974184715e-02,-3.625183394659668018e-02,-4.000834910039350462e-02,-1.064920175768927293e-02,-2.718098247928408401e-02,-6.813357267043336496e-02,-6.359102678318613588e-02,-2.501674899339396616e-02,1.707826329702535201e-02,7.976951466349305186e-02,1.594116023185493947e-01,2.273734694665522915e-01,2.750265693962437585e-01,2.728662206198335105e-01,2.067928730594647269e-01,1.726759158074228362e-01,2.413877998575333084e-01,3.116540473584470394e-01,3.048877428062446437e-01,3.111183367874992833e-01,3.670264173742183722e-01,3.670763318839975753e-01,2.955249515653348702e-01,2.502653731053121056e-01,2.395982257561219408e-01,2.065582565044594976e-01,1.523332663606555282e-01,8.098060023327499635e-02,-9.184130058661069476e-03,-4.533918447875377039e-02,1.841398298157238128e-02,8.844657445199810564e-02,7.810986696667596152e-02,3.732711026886422617e-02,4.485935004623134437e-02,1.034376626970966301e-01,1.568548819362965141e-01,1.329261623838252915e-01,2.860866198285152637e-02,-4.220534476577778027e-02,1.016094367367524273e-02,1.194172262889666991e-01,1.752469633729752119e-01,1.650301871930778819e-01,1.307540427391546967e-01,1.016603392240055248e-01,1.021871029984258994e-01,1.223438400262589487e-01,9.367359583577959670e-02,-1.092112049383884252e-02
-2.554694505486929113e-02,-3.957511822698371595e-02,-2.799007163466319184e-02,-1.275000204660290716e-02,-3.458795470425336110e-02,-5.775921719806803578e-02,-4.935113524538049801e-02,-5.231277431062621164e-02,-9.139387556485964459e-02,-1.065205942902155284e-01,-4.901234936068980808e-02,5.236047492845061907e-02,1.509503230490464309e-01,2.151381305762025409e-01,2.235388670310306525e-01,2.033578463092344246e-01,2.073908702431195017e-01,2.277472024113446902e-01,2.352632058401016857e-01,2.566429430362704989e-01,2.925160239873075274e-01,2.751131168769699320e-01,2.051267386832298645e-01,1.680725856227570647e-01,1.769766972328077892e-01,1.728706934188401489e-01,1.434575043693192831e-01,1.005879934929698599e-01,4.343131479624927349e-02,1.121361508791011118e-02,3.608714977540977698e-02,6.754465088504017778e-02,6.601543061925291278e-02,6.907556694692157384e-02,1.013376663891292773e-01,1.529139645992684260e-01,2.121045085687170706e-01,2.083971088898110280e-01,7.666035493379740051e-02,-6.566910950913518175e-02,-4.466701755205932517e-02,8.782707544340509487e-02,1.565708731435182244e-01,1.336901132610085474e-01,8.504185549254496268e-02,3.638958258844247201e-02,3.427058488244057871e-02,1.097493106302700611e-01,1.492394001609011756e-01,4.415835653737588962e-02
8.318894277627920941e-03,-1.490310790310046124e-02,-3.432926020143491769e-02,-5.464855399067700820e-02,-9.531191694202320597e-02,-1.088167022074854745e-01,-6.495308233424740285e-02,-4.424576685271500859e-02,-1.199884735528628926e-01,-2.062707182059093092e-01,-1.769809810948627660e-01,-6.563376303662052380e-02,1.749305506142972977e-02,6.338680389314459152e-02,1.094228281004419323e-01,1.380354406417079738e-01,1.360594592113908707e-01,1.304527093942114413e-01,1.345674563856794348e-01,1.481569117823853532e-01,1.680976681897297653e-01,1.676744282110301243e-01,1.434514531841573348e-01,1.421673355593750521e-01,1.719757602288416454e-01,1.842120197733573272e-01,1.639718783186694950e-01,1.270343474424968644e-01,7.537546140451288623e-02,3.416938769113889163e-02,3.109515495815256408e-02,3.554886749536221441e-02,2.927027086888272026e-02,4.863758385465348499e-02,8.951447073482476924e-02,1.210169078179479801e-01,1.580553780667601493e-01,1.606813185933232691e-01,4.289290740453089584e-02,-9.310030052009724000e-02,-4.038239819775637368e-02,1.431917894075242226e-01,2.129347029780435385e-01,1.273927018904219277e-01,2.104169210690960343e-02,-4.173377128446983941e-02,-3.469548480397912499e-02,5.808258746264844535e-02,1.196784849254678568e-01,2.953979213021082698e-02
5.277679062902597418e-02,-1.646043192422577683e-03,-4.798280621730989515e-02,-6.711372651724929750e-02,-1.000279859422016498e-01,-1.186747057326504318e-01,-5.285475151606572330e-02,3.468304168072589705e-02,9.644117952847431827e-03,-7.774541404038043391e-02,-6.569275378275191146e-02,1.361348303959781202e-02,1.137890778837865290e-02,-4.103418080226763770e-02,-1.658313459132928352e-02,6.606249557485013857e-02,1.172660865199462582e-01,1.246409875680775520e-01,1.109904348363763560e-01,9.929881760643233246e-02,1.179653607519931119e-01,1.469199468963707234e-01,1.462198455626872451e-01,1.456287319562848404e-01,1.867269942875510458e-01,2.389054325588973460e-01,2.535534962959140048e-01,2.100163896761050031e-01,1.158164501027187099e-01,3.395903640740180474e-02,1.792958257796873137e-02,2.060761979730850457e-02,-1.105399238513044566e-03,-1.873569037891834044e-03,2.246410492577305060e-02,2.367160898409640182e-02,3.119317020398989712e-02,4.935177615944881524e-02,-2.720635459552844457e-02,-1.571210189336174068e-01,-1.170289991559700510e-01,9.313147756083160755e-02,2.058469655221128181e-01,1.274477911456721735e-01,1.994011003105022189e-02,-1.597657955558242499e-02,4.814655254104246258e-04,5.254985065313529796e-02,8.701244307447444926e-02,3.608454766032798827e-02
-4.317368255907128027e-02,-9.206028718568534663e-02,-1.201792938530531762e-01,-1.004314116318260341e-01,-1.085522837959202458e-01,-1.581559424243685896e-01,-1.331621303873086193e-01,-2.487645775509450194e-02,1.499520062168491034e-02,-2.872377006799811672e-02,-9.397782111096493474e-03,6.583207928249659724e-02,5.665977646109583710e-02,-1.432013646258378618e-02,-1.625164762227816750e-02,5.316854127625965376e-02,1.133049380070027118e-01,1.284746185711338473e-01,1.026350256817158690e-01,8.466464585055359648e-02,1.279140133127485701e-01,1.781246165599112141e-01,1.549555673983197823e-01,1.184086089256528168e-01,1.669319425670264812e-01,2.659226890179709479e-01,3.121513517827698148e-01,2.503865248872652605e-01,1.061542461429482304e-01,-8.489873963043516672e-03,-1.486272401503771143e-02,8.563099032482555939e-03,-1.874728221019926130e-02,-3.665428735991094200e-02,-1.852059614635641338e-02,-3.271161427811906247e-02,-4.910171924208726890e-02,-1.183875564551369747e-02,-3.513952878303613220e-02,-1.721320212047880160e-01,-2.132217471966642020e-01,-4.165060086919999960e-02,1.350660362188559338e-01,1.484630469183493839e-01,1.022772519698421367e-01,1.101263003749706898e-01,1.336805745647663135e-01,1.301922417647096708e-01,1.131163780881854625e-01,7.765470580996731986e-02
-1.590507433578623453e-01,-1.411337183186480160e-01,-1.341641076305005731e-01,-9.924374725614795723e-02,-9.416832801066378489e-02,-1.713444144631231514e-01,-2.322002386898827098e-01,-2.082809085037883312e-01,-1.890662528406554799e-01,-2.036161121904191962e-01,-1.501840916245898161e-01,-2.680674475075016036e-02,5.156010458852269829e-02,5.259795502169893611e-02,2.745852221340805768e-02,1.168455505181762409e-02,2.703115487037101999e-02,5.529365418786041236e-02,4.703851102512729421e-02,4.040667312740883754e-02,1.037141973749917123e-01,1.623685695561011277e-01,1.255335039558603816e-01,8.395102878328307427e-02,1.449910153655744882e-01,2.439914602400125310e-01,2.717368386995741569e-01,2.003201854853887687e-01,6.488367486934289163e-02,-3.477944646240327398e-02,-2.338134747787416756e-02,1.894900247181362934e-02,-1.726029142436572971e-03,-2.672716702579673587e-02,-1.515127678992372363e-02,-3.998257214030848106e-02,-7.806576269305431914e-02,-3.512036140836911208e-02,-1.389184930135272961e-03,-1.058059918929667026e-01,-2.094579071307435258e-01,-1.157566612560106956e-01,8.125710413004809396e-02,1.739276355774158622e-01,1.671428925454810366e-01,1.806737522875801472e-01,2.129746646517070297e-01,1.954546011675477868e-01,1.387072284109004960e-01,7.824546216102949703e-02
-1.470722118204847439e-01,-6.904255828555165564e-02,-6.086711781512229441e-02,-5.813470268343150921e-02,-3.659771090374397406e-02,-7.232506481709742585e-02,-1.733587930191591575e-01,-2.798694036653727735e-01,-3.625691168935498143e-01,-3.769211563081780736e-01,-2.723865078951859808e-01,-1.006695145777093126e-01,3.138616791005799378e-02,7.148969021930338952e-02,2.096552284354675708e-02,-5.152541088084354459e-02,-3.834771749709665889e-02,4.136662188499933696e-02,6.417361307644034452e-02,3.880868050200941138e-02,6.291523945518519290e-02,9.958670893672440239e-02,8.162839530336926663e-02,7.996914003874262822e-02,1.405375434200082929e-01,1.836796916649013900e-01,1.744664112453165883e-01,1.468746602509966581e-01,9.189617536530615693e-02,2.526650997682972077e-02,1.950975454850921095e-02,5.829906180142292726e-02,5.930398071164023899e-02,2.923659654825137497e-02,2.166063884862545839e-03,-4.917828729604102611e-02,-9.809470973569281438e-02,-6.561900741520920732e-02,-8.013190550777562343e-03,-5.856136461482513988e-02,-1.676190139650313993e-01,-1.511803540833266957e-01,3.949237810176316199e-03,1.199131758659372493e-01,1.211161656082605509e-01,1.184874858821517996e-01,1.650546482274082849e-01,1.659840046894294485e-01,8.818679016412693528e-02,1.124874308327804447e-02
-1.703936077231536506e-01,-8.174552259029992107e-02,-7.750661891661637937e-02,-1.081070121691713737e-01,-6.448013084021876618e-02,-7.937868569368643212e-03,-5.978069010990427062e-02,-2.282504101327547386e-01,-4.019549351023488093e-01,-4.356686195682242246e-01,-2.935145871103134740e-01,-9.523488376830013813e-02,3.855880744815207151e-02,8.048277928499941725e-02,4.147636991259143202e-02,-1.105740146443810051e-02,2.936921355911526615e-02,1.324336869860912036e-01,1.551474555349193485e-01,9.073315501041574749e-02,4.866613645961028606e-02,4.649048149243381611e-02,5.494101588701773287e-02,9.309997605332964721e-02,1.303657423203068433e-01,1.105716315354598606e-01,9.182780852554625617e-02,1.326851322981793535e-01,1.462112614185335779e-01,6.863257233838122862e-02,-5.041835151929009891e-03,6.837586112139189959e-03,4.766201163273932340e-02,3.739483049500740008e-02,-2.506946990966014976e-02,-8.856795204438729086e-02,-1.053194956474500926e-01,-7.025117714809370195e-02,-3.293939287568031088e-02,-5.665749681978782953e-02,-1.352373040914501279e-01,-1.638733699626616636e-01,-7.318310509152249621e-02,3.938494308850306463e-02,6.320064454705447143e-02,6.482675262945802874e-02,1.097308523822117937e-01,8.966709240177465901e-02,-3.000510930816638680e-02,-9.138761154812911902e-02
-3.503817604694801080e-01,-2.333231089276897596e-01,-1.649077345769488223e-01,-1.929150308123546709e-01,-1.750880185614820395e-01,-9.453377210925244245e-02,-7.476308697821379412e-02,-1.912042971307162664e-01,-3.757020867560214028e-01,-4.599985899627316299e-01,-3.548263824904420716e-01,-1.572289656222713994e-01,4.814466902110197516e-04,8.854409437165765284e-02,1.166139952712988426e-01,1.053764376834006311e-01,1.124260078908546762e-01,1.468302359144047220e-01,1.455374140878827327e-01,9.628356833074645793e-02,4.973624361510101816e-02,3.294417804803404654e-02,5.797566043600584779e-02,1.160119835272568484e-01,1.357344761690777446e-01,8.893828744070760017e-02,6.630775453665568864e-02,1.095911734695059619e-01,1.139355068960727635e-01,8.067575287884654056e-03,-1.212078321581776391e-01,-1.556500887839247504e-01,-1.004820851935073200e-01,-6.686135279417600163e-02,-1.093062706573794535e-01,-1.432345480609581168e-01,-9.653902744104760070e-02,-3.149339442884940832e-02,-1.133143427437722020e-02,-1.165728587694825173e-02,-2.198703194618336493e-02,-3.580982873043977999e-02,7.596740037171327911e-03,9.422290152227437432e-02,1.299328266835911294e-01,1.327959821693504849e-01,1.422679960671562605e-01,4.996884343084485175e-02,-1.374001136771172416e-01,-1.823968158743971002e-01
-4.779467243069532301e-01,-3.011509052195034397e-01,-1.429902472657613999e-01,-1.519853752037498285e-01,-2.036289345851108046e-01,-1.944300313881929809e-01,-1.471938087333441447e-01,-1.490199110028179452e-01,-2.652264185012740416e-01,-4.139407701859553756e-01,-4.289942795649830942e-01,-2.908197809075037665e-01,-1.194487958207700734e-01,1.637315355387836124e-02,1.080068947411065294e-01,1.313450130333161381e-01,9.309404361148387874e-02,5.540729699231834032e-02,5.971856343868872652e-02,8.380013768450592093e-02,8.311289853322027799e-02,6.285996751861003262e-02,8.062329836891168888e-02,1.403929206157175091e-01,1.630848813159972710e-01,1.193389594041378149e-01,7.079790534344226893e-02,5.020411545021523370e-02,2.791178718435615574e-02,-2.587787152326745388e-02,-1.194058076162121673e-01,-2.071381329249216696e-01,-2.103439514957843870e-01,-1.549986799964762907e-01,-1.416677935828887791e-01,-1.448421695642661544e-01,-7.989956324632328799e-02,-6.215426651139103380e-04,2.783809109252442099e-02,6.818802229358551792e-02,1.400130390952685489e-01,1.793009878342918528e-01,2.034003775446760753e-01,2.410151834547448191e-01,2.382548735039359544e-01,2.074608321452058590e-01,1.821535382273710146e-01,5.679258874269329377e-02,-1.583816316328637841e-01,-2.089614297193104764e-01
-4.066003358603889617e-01,-2.491996789851801120e-01,-1.019741927797238462e-01,-9.621374764048036543e-02,-1.513200593878886724e-01,-1.821136149206287469e-01,-1.433975473787092170e-01,-6.601214577907671410e-02,-8.633181318717550456e-02,-2.334047884995755495e-01,-3.344344662947333902e-01,-2.887571428873416668e-01,-1.915687996432716145e-01,-1.165762199049345249e-01,-4.011939176197362733e-02,2.178036335729395534e-02,2.438627338105957276e-02,8.111230346263063884e-03,4.769229244424948166e-02,1.215120731475302363e-01,1.414591526744990169e-01,1.028294484408408122e-01,9.452793801659691020e-02,1.410418545206300889e-01,1.641652397348048187e-01,1.221614396884181247e-01,5.109875770103412124e-02,-4.683198098165800537e-03,3.951162852711605786e-04,6.311160110445643290e-02,6.431059101119063204e-02,-5.536493563034269177e-02,-1.476837925444819399e-01,-1.098443079233202835e-01,-5.937808314038198199e-02,-7.048633473679628836e-02,-5.855038018754935014e-02,-7.132594309204422396e-03,3.071372997927514226e-02,9.070356109352475937e-02,1.904873868673286896e-01,2.602223826644754490e-01,2.907030662890551787e-01,3.023199748490815186e-01,2.535660579782136326e-01,1.777219749325294473e-01,1.473373725740187989e-01,6.944750618892686633e-02,-1.084344989549406169e-01,-1.871403299743912285e-01
-2.957853643976557922e-01,-2.492269132320587000e-01,-1.997950638211605789e-01,-1.704496951414183337e-01,-1.266092487359719576e-01,-1.049355286808539983e-01,-9.550571382822480027e-02,-4.030321664454804276e-02,5.110377305488357199e-04,-4.609302496029035745e-02,-1.014391759831783923e-01,-1.013390372595701916e-01,-1.172048366158148502e-01,-1.713188097744828831e-01,-1.732727894289604054e-01,-1.010972585796889867e-01,-3.504049563306618070e-02,-3.236775502550575702e-03,4.616580957988752898e-02,1.193762058948578675e-01,1.483443517378384702e-01,1.182344040265191631e-01,1.095540486268801739e-01,1.516520498629198022e-01,1.640243525794380652e-01,1.057702020292282802e-01,3.551624377368306495e-02,8.706135737506974157e-03,5.123961571083471278e-02,1.505976801036112978e-01,1.891685551195823045e-01,7.936067824755163591e-02,-4.583031122409599728e-02,-3.787882016910899124e-02,1.100134205111830826e-02,-1.814587053778134174e-02,-5.384142367081377195e-02,-2.807005861003870201e-02,1.431892983637182877e-02,6.506340365087849575e-02,1.429621074820887072e-01,2.121746481556588959e-01,2.599311005127985519e-01,2.833508703375789417e-01,2.283030287198982156e-01,1.277205178459222545e-01,9.098682435094147813e-02,6.031150920426948253e-02,-7.514351365145095774e-02,-1.930120950392752166e-01
-2.915186218687451092e-01,-3.085344916712181029e-01,-3.030759902748146883e-01,-2.505681255489133341e-01,-1.333687319309589947e-01,-6.218322209303392412e-02,-9.111180879100368168e-02,-1.113322496411862650e-01,-6.127181941839269369e-02,-1.850642319166238576e-03,2.975534261342137679e-02,3.122121767709390774e-02,-2.189335043841665607e-02,-1.071468141856852935e-01,-1.437903161797403906e-01,-1.103665368959615145e-01,-6.957108582897274240e-02,-5.990667222230846439e-02,-3.877312488270681645e-02,3.573046373669246101e-02,1.162772101008017617e-01,1.437821136874506966e-01,1.611378240171272846e-01,2.100416646659889752e-01,2.128513539186479842e-01,1.279102785543460852e-01,6.059829245859670727e-02,7.529441837922179470e-02,1.082610196166831490e-01,1.199971051364574354e-01,1.084862704104440773e-01,4.034099367218773463e-02,-5.028691562959940187e-02,-6.995102837077391000e-02,-4.570817612541986513e-02,-6.238506648060911791e-02,-8.206914520448854722e-02,-4.809632464081057407e-02,5.295907226723730373e-04,5.073637914886464095e-02,1.330584648027427208e-01,2.146798721239717156e-01,2.577619869756425097e-01,2.703833818338394201e-01,2.318600869574482248e-01,1.465743253988886496e-01,8.909977986419817531e-02,4.201778745785112595e-02,-8.185121629362321349e-02,-2.067692873926515462e-01
-3.408631036629131139e-01,-3.381816800370046061e-01,-3.041516930005712660e-01,-2.726204681306427235e-01,-1.955962525779910977e-01,-1.277657423978333373e-01,-1.480007859488924327e-01,-1.841130848419164912e-01,-1.436394266816826970e-01,-7.289457423534864700e-02,-4.828027795282030521e-02,-5.565346841953868612e-02,-4.601954638279759369e-02,-1.490192255793747374e-02,5.347243260775164271e-03,-6.422676966495511654e-03,-4.680426063782221202e-02,-9.997842788015937066e-02,-1.133747751122398117e-01,-2.183677114586822510e-02,1.287488488500181660e-01,2.108089188701373351e-01,2.198790351471857640e-01,2.379461898130202924e-01,2.237702821318593993e-01,1.245948540003505162e-01,5.912275927949444537e-02,9.926116253842831583e-02,1.131708874597245895e-01,3.430827461442448323e-02,-3.713768422886353643e-02,-7.581679443054434309e-02,-1.366953789919341522e-01,-1.851725047189096418e-01,-1.825458290988278831e-01,-1.683791488591944163e-01,-1.430020088816878476e-01,-8.240276403019707041e-02,-2.215062006815322893e-02,4.354221652330952930e-02,1.644180609128876314e-01,2.749787629518042342e-01,2.791266064700775873e-01,2.309769882943210617e-01,2.145595492676777016e-01,2.014444317659971062e-01,1.452045718549686004e-01,4.103613045230013190e-02,-8.839173283059549580e-02,-1.588999621819803809e-01
-3.474916014291968835e-01,-3.427024327876269649e-01,-3.156650119743190652e-01,-3.446592718200907068e-01,-3.321640160539542919e-01,-2.542389233238930846e-01,-2.052716522632423990e-01,-1.946041964647898526e-01,-1.682749959318280419e-01,-1.541921979055447811e-01,-1.871261867415354718e-01,-1.941213937122519551e-01,-9.638892878746234405e-02,5.091677574099277154e-02,1.238291073686015736e-01,9.144356642299569793e-02,1.390833658158840448e-02,-7.221847605788919711e-02,-1.269278280549078763e-01,-5.553167578565813139e-02,1.311034189798605254e-01,2.550047080051955906e-01,2.353175484185820454e-01,1.784593359681739544e-01,1.276870486263046445e-01,4.696319167941347128e-02,1.349500640692954945e-02,7.972903264898729969e-02,1.105333524936785577e-01,2.703262401532192591e-02,-7.011257988375055317e-02,-1.437212891841561924e-01,-2.434064949825817115e-01,-3.227028894607149034e-01,-3.307829363313445348e-01,-3.128147952010821853e-01,-2.650567596259396086e-01,-1.513466927915659843e-01,-3.690151125395747106e-02,4.807486243098682555e-02,1.755736757609588639e-01,2.931315163374003663e-01,2.637579474965867643e-01,1.641705734641182302e-01,1.744823337601378033e-01,2.506077296495171081e-01,2.157884212249289169e-01,4.762575509040595234e-02,-1.087291341009107293e-01,-1.197124531171148698e-01
-2.791278702413452217e-01,-2.918638546930495403e-01,-3.167776991046040713e-01,-3.845233818607925458e-01,-3.767557981229622821e-01,-2.772530527529890598e-01,-2.016730154558924182e-01,-1.864149721931125103e-01,-1.865131781097680019e-01,-1.985962883514591770e-01,-2.153434501624936215e-01,-1.714316208556668775e-01,-4.499058323329289955e-02,7.978519018935120721e-02,1.194241671875682503e-01,9.522841092148393027e-02,5.986247890301490959e-02,-1.231149285050145946e-02,-1.261306788636258336e-01,-1.447562349888050492e-01,1.800728354397311895e-02,2.004346687200522781e-01,2.204990035839637375e-01,1.276581689118818641e-01,4.574152712646899904e-02,5.767488196384360465e-03,2.799889849078287390e-02,1.133902347466552857e-01,1.706934445114973165e-01,1.362805355075112634e-01,3.379992948614458925e-02,-1.308611482768979872e-01,-3.230478075119409542e-01,-4.315916104768660611e-01,-4.528341025214480120e-01,-4.783934138448218687e-01,-4.435032992826271059e-01,-2.471219229252883121e-01,-2.291586099116256492e-02,8.646980310006655013e-02,1.685624309956920974e-01,2.651342567539363704e-01,2.508862100994125877e-01,1.555408820802453851e-01,1.660354512266892235e-01,2.614592704006719059e-01,2.351061410430481391e-01,4.258415672442000116e-02,-1.406686399935622167e-01,-1.610986101269353543e-01
-2.017464381138640850e-01,-1.667536457007246231e-01,-1.943178348243829734e-01,-2.526503979689498913e-01,-2.462008342871467581e-01,-2.019664154799700739e-01,-2.040030620052681876e-01,-2.340302219798155170e-01,-2.369364709919649370e-01,-2.115140623172235279e-01,-1.559468323720931415e-01,-6.551902735684307644e-02,1.110067849266744948e-02,2.777210705266282623e-02,1.607120642244944803e-02,3.758769489137982894e-02,8.629108855011750900e-02,6.886407509811670602e-02,-6.864329795377645260e-02,-1.992838931270434211e-01,-1.441940982165362262e-01,5.135360782177688516e-02,1.717343550168926869e-01,1.413044861846207145e-01,7.224522739270651528e-02,5.960015640984572816e-02,1.017942647598737149e-01,1.632349335618780706e-01,2.160957260479093867e-01,2.324898073134099852e-01,1.478425571628825264e-01,-8.318656354485688686e-02,-3.435212682962457964e-01,-4.601529257587826383e-01,-4.847869262912528066e-01,-5.577134710829979580e-01,-5.596550345547458560e-01,-3.232384683872565612e-01,-2.035834298597272510e-02,1.099334161359682288e-01,1.462169578370001166e-01,2.237525607346125545e-01,2.585347121108295676e-01,1.991806787482408581e-01,1.662405303183044913e-01,1.963842779401426542e-01,1.744683496421596536e-01,5.291187808008109700e-02,-8.499033665052495301e-02,-1.583944942775721842e-01
-2.552133125946329795e-01,-1.441041206663988550e-01,-1.057137860307555965e-01,-1.196403821472753620e-01,-1.458033234813104762e-01,-2.086955208017790275e-01,-2.933809307802866528e-01,-3.182381406515362166e-01,-2.711377839669409928e-01,-2.065896586704926152e-01,-1.346670042560982883e-01,-6.444568930448499322e-02,-4.971459327563795133e-02,-8.309736182584015474e-02,-8.481402777099952828e-02,-2.549499383913016518e-02,5.898530658581530722e-02,1.101988303394416252e-01,4.932058898185450596e-02,-1.174016943567724597e-01,-2.173347117569462694e-01,-1.208803873226909908e-01,5.706408205219323099e-02,1.386951234392729826e-01,1.255833019076640078e-01,1.131080163375709907e-01,1.165591704557253500e-01,1.123674139354805673e-01,1.304704036183029769e-01,1.739110200966213771e-01,1.246234680399517236e-01,-1.028335529107427676e-01,-3.600481307202664794e-01,-4.455405317277085775e-01,-4.285339261270250666e-01,-4.843492401287092242e-01,-5.172895395124251783e-01,-3.384996407909006688e-01,-6.317352951020784035e-02,7.722906135737613031e-02,1.150325549273985004e-01,1.888503525179112685e-01,2.574898399888667644e-01,2.356220926824744988e-01,1.703455289330004785e-01,1.301255186037715283e-01,1.112972442748288160e-01,9.368604199843941216e-02,5.598961754893583970e-02,-3.700805005077831972e-02
-4.478984731927837526e-01,-3.376814087521078922e-01,-2.294355560213720835e-01,-1.579061456763918847e-01,-1.643766263733673905e-01,-2.593676500922416084e-01,-3.417014117544853180e-01,-3.128036420862748690e-01,-2.293580408770152512e-01,-1.875265258761647236e-01,-1.699090347917197041e-01,-1.419106473868303742e-01,-1.291254102593036579e-01,-1.222291337887213974e-01,-9.106299995512191769e-02,-6.650082387228600789e-02,-4.492780164380848207e-02,3.492699090626125158e-02,1.023858278118531806e-01,7.169502221574875975e-03,-1.732627977200430214e-01,-1.974890111381603919e-01,-3.943899294572230513e-02,1.052719095703271851e-01,1.388657523976313535e-01,1.164130397705234049e-01,7.202307436752845848e-02,1.367603481435381713e-02,-5.317511170964847557e-04,4.056789933426028366e-02,9.924011897865275128e-03,-1.856085415268152183e-01,-4.082416120602033738e-01,-4.557183239893002891e-01,-3.701986718393586728e-01,-3.436813255424500113e-01,-3.726458449150897856e-01,-2.951063735476253669e-01,-1.115186595181462265e-01,3.136849563291509851e-02,1.040249658592762444e-01,1.797911290754136415e-01,2.538885769095095557e-01,2.724908400603375802e-01,2.394536850033387732e-01,1.881365480438903226e-01,1.430484452058042866e-01,1.270454207962747606e-01,1.189322606152035944e-01,3.781955595193717268e-02
-5.682542988742446122e-01,-5.265638456419959867e-01,-3.935666473647898012e-01,-2.193621299461365470e-01,-1.301867074128537083e-01,-1.696066856746622498e-01,-2.206151343981711810e-01,-1.890320367006558533e-01,-1.420622982636576825e-01,-1.551950930372104076e-01,-1.782863875382685037e-01,-1.559305108681765806e-01,-1.105828643943191913e-01,-5.959573342504950744e-02,-1.860699823016808557e-02,-3.673455507263688469e-02,-7.575656789329110463e-02,-1.677283952165176117e-02,9.545520758088063551e-02,7.601118832729750197e-02,-6.168454238627680414e-02,-1.048192986541661986e-01,3.180973393603142834e-03,1.126336077425414695e-01,1.348159704452541185e-01,1.011981638137487427e-01,3.669269532094875802e-02,-3.339985958007377770e-02,-4.488704088595767139e-02,2.799898920328760567e-03,-1.164820985290919604e-02,-1.785052637576109991e-01,-3.901333085053702576e-01,-4.454698332295322083e-01,-3.258023942155505170e-01,-2.158771991701137483e-01,-2.127101398410748689e-01,-2.099010609862897170e-01,-1.250105481596929247e-01,-1.690514149371429714e-02,6.887909857866175711e-02,1.586995425126547510e-01,2.472380378495470377e-01,3.014238933758722205e-01,3.232110606059338531e-01,3.100828055758911295e-01,2.453693720814134338e-01,1.595168023407204094e-01,8.559827443906956046e-02,-2.090040004256001407e-02
-4.596448783668755089e-01,-4.878897163947985560e-01,-4.000175727789891944e-01,-1.942826564708685921e-01,-3.995303274269682015e-02,-3.221418897941299292e-02,-8.214852080898793485e-02,-9.273343233096369154e-02,-8.676500546684562387e-02,-1.046655297051974493e-01,-1.148722456075473297e-01,-9.138307438409021266e-02,-5.912749019050985572e-02,-2.458376505195663045e-02,2.277767667044170233e-02,5.730221618975827463e-02,7.277118424766965132e-02,1.077079993214862252e-01,1.398037760903159399e-01,1.045251899214758307e-01,4.545569728655941832e-02,5.876082365443426048e-02,1.202733937933849473e-01,1.459715053617226255e-01,1.295586586751816260e-01,8.727153563933848224e-02,7.654485007291191891e-03,-6.594651013965463493e-02,-5.036107590608959739e-02,4.183777825795160360e-02,8.035901688403596088e-02,-4.327109501000331315e-02,-2.635061966305137227e-01,-3.690396607007991325e-01,-2.617753080280044164e-01,-1.007922956125891500e-01,-5.831249889492821220e-02,-9.322312312241759491e-02,-1.061324843714708810e-01,-9.079064383857222975e-02,-2.907660239560306767e-02,1.101138378997544992e-01,2.471907629933212946e-01,2.957306717893507519e-01,3.028480045024426470e-01,3.188017600962613773e-01,2.999811013380647706e-01,2.257190848650386661e-01,1.119118043359920850e-01,-6.624704506738378351e-02
-2.377810818971873019e-01,-3.418141538987864991e-01,-3.615489725818780697e-01,-2.184816521730289229e-01,-7.110725414817371803e-02,-3.905994686034120617e-02,-7.403747258272239118e-02,-8.625578188732903329e-02,-5.875765730167794437e-02,-2.753315497363549580e-02,-1.439041662510024723e-02,-1.940626522395907591e-02,-4.225090810160174459e-02,-5.631563720101941811e-02,-9.113606113138788059e-03,1.001571687303914743e-01,1.994926598917011462e-01,2.219676938888916762e-01,1.635929427854325158e-01,8.783267166689655292e-02,7.632386612129614389e-02,1.264654583569352064e-01,1.571236902218423881e-01,1.497111251929360010e-01,1.470328055503657416e-01,1.187837287112759738e-01,1.876889622131086219e-02,-7.335850769284327222e-02,-4.827699405669143295e-02,7.046693505706898286e-02,1.537439948744094009e-01,8.111996495594134271e-02,-1.328081069329309916e-01,-2.836193570616362680e-01,-2.060841806975954871e-01,-2.123891549835206852e-02,6.091875302562583389e-02,2.862386232829582100e-02,-4.249624213108020576e-02,-1.124832796118627604e-01,-7.511814435630384534e-02,1.254456444339991650e-01,3.041424639093225357e-01,2.938988239436723382e-01,2.098638622294498879e-01,2.012623192159478380e-01,2.352637357165480170e-01,2.452964901977924272e-01,1.790187051393754281e-01,-3.388866042128780426e-02
-1.142678591830588453e-01,-3.051021986897019533e-01,-4.224573175795670044e-01,-3.466934336750699952e-01,-2.027483706420082077e-01,-1.131749652091826736e-01,-9.082810526335431678e-02,-7.948757631158556713e-02,-3.315699135711636797e-02,1.719513510032587289e-02,2.215262716129401052e-02,-5.363276244097418648e-03,-3.815247477361902867e-02,-6.454111050105418301e-02,-4.455416308421655813e-02,4.010449865536340475e-02,1.204105105828976868e-01,1.239177332581445773e-01,6.767712323159283394e-02,2.219851044008278387e-02,2.919386056717071520e-02,6.334338251916032947e-02,8.574824734381110425e-02,1.201793450194755114e-01,1.821166479575022645e-01,1.901479400154736099e-01,1.022005259923591397e-01,2.397231151866422577e-02,4.132074991914758827e-02,1.109163773578446116e-01,1.611390726201278600e-01,1.210591334352154602e-01,-4.657731439054856731e-02,-2.029176618348554340e-01,-1.624767015369264767e-01,6.513848608106585086e-03,1.094939197179150697e-01,1.168301108455794546e-01,6.721378257935443912e-02,-1.927701179240165832e-02,-3.739005399255815581e-03,1.950316348347781448e-01,3.574633070633041476e-01,2.961329544477799280e-01,1.587771594949685949e-01,1.092130555076284704e-01,1.137294104788894311e-01,1.392896466176581360e-01,1.371214580740692524e-01,-2.125209664267231971e-02
-1.281628991540296469e-01,-3.480157791362167297e-01,-4.980715465476521220e-01,-4.676244012459193078e-01,-3.188477455283535433e-01,-1.552601103331867072e-01,-7.519543846703038992e-02,-7.727361663101124656e-02,-7.908545731214573771e-02,-7.829810107873425018e-02,-1.093133429743626400e-01,-1.229667065881242249e-01,-9.468750756087129794e-02,-8.002459135919642863e-02,-7.924118586853794166e-02,-5.100366791634292074e-02,-2.140768535865070904e-02,-1.696133903885481409e-02,-1.165529395894326740e-02,-8.351182405562799019e-03,-3.079967034133405598e-02,-5.333573380350066506e-02,-3.123714494668735839e-02,4.706140311064888060e-02,1.397886090948502746e-01,1.720652233037511525e-01,1.439568758144884331e-01,1.398038231338327719e-01,1.636846255788199644e-01,1.496460657824542628e-01,1.216530477199886384e-01,1.016912496186068854e-01,1.391353549214372105e-02,-1.046197034414719507e-01,-9.492151770773465946e-02,2.383449962404573380e-02,1.063243245398001746e-01,1.400071524784862464e-01,1.375182215072307257e-01,6.387532675817195194e-02,3.284684001811078585e-02,1.589388122192980091e-01,2.813106727769283943e-01,2.495330762042316519e-01,1.795023803759083214e-01,1.450573567366009453e-01,8.073145414910873341e-02,3.822718312740651381e-02,4.962420725918494091e-02,-3.644486199285307954e-02
-1.457433409763538024e-01,-3.024685551817187235e-01,-4.685558653328867340e-01,-5.429656751417112348e-01,-4.561588964646222655e-01,-2.514783600268838959e-01,-1.203718299891761712e-01,-1.351768346855937997e-01,-1.911466935619661189e-01,-2.551680762217803933e-01,-3.333397243140143740e-01,-3.343702752273561285e-01,-2.497568374031927108e-01,-2.005516219267449440e-01,-1.942955679289024573e-01,-1.481259470835089853e-01,-7.656299875748712180e-02,-1.278960164949236554e-02,5.090207266372789863e-02,5.667323296732762472e-02,-3.484419337750689627e-02,-1.204781268359883389e-01,-1.071349456329848959e-01,-3.362089183701138378e-02,3.458607925567517422e-02,8.002333596281624439e-02,1.229160508792701278e-01,1.840883602412778930e-01,2.116636513077192194e-01,1.499970048681019963e-01,7.575015212828244138e-02,5.503790530380366780e-02,5.116637091964278475e-03,-8.140268153004065477e-02,-7.181632972613828658e-02,2.061725907555043286e-02,6.790783001087921655e-02,8.213947776517013799e-02,8.800454447217875842e-02,1.995819730051315299e-02,-4.434518568647862619e-02,3.362016693892818514e-02,1.582192223787415586e-01,2.028808726336173429e-01,2.328097832731333416e-01,2.492767448280170661e-01,1.660803026246112923e-01,7.609019470685740583e-02,5.849585908544387147e-02,-2.975741960574982900e-02
-9.327326532014983129e-02,-1.759123910749119113e-01,-3.864040544267122179e-01,-6.033969969167826131e-01,-6.089201218338115007e-01,-3.799534409134271984e-01,-1.836558161055998062e-01,-1.588307237447844633e-01,-2.015196382085624738e-01,-2.810984879536559955e-01,-3.974109077353453756e-01,-4.211651594270173216e-01,-3.415067462262567632e-01,-3.141721517828555132e-01,-3.309135450358909880e-01,-2.611925909327403872e-01,-1.234028149390791751e-01,1.398263780925136646e-02,1.356427079746735376e-01,1.603318380144178878e-01,4.794194437259689107e-02,-5.963738840410767045e-02,-5.971698864221072073e-02,-1.574310412592487204e-02,3.553274490242234324e-02,1.212655751140477300e-01,2.136930621015353249e-01,2.667133864453645753e-01,2.649026166029910256e-01,2.094353224251373213e-01,1.403512557017349283e-01,6.904469222137139817e-02,-6.086936368506867812e-02,-1.927762138641231360e-01,-1.736802930132528566e-01,-5.345552415660945189e-02,-7.761335840662930176e-03,-2.181450044685846745e-02,-2.292010249136424913e-02,-6.188931535041591186e-02,-9.676692730109900942e-02,-5.172337826757018690e-03,1.337145291986458207e-01,1.913814135947414785e-01,2.240566165020703160e-01,2.542289365277980440e-01,2.053025405070463272e-01,1.305077179352343852e-01,8.138894063049101346e-02,-5.330554724495592533e-02
