-9.009900201521525709e-01,-4.977501464590178837e-01,-3.992461123715378979e-01,-8.784561852245763303e-02,-3.911570167306262225e-02,2.687443317503634965e-01,1.854176450309673319e-01,3.084963359462057908e-01,3.353532618076902616e-01,3.935000626389146272e-01,3.510435679663533315e-01,4.783727156791198198e-01,2.100777496111316534e-01,2.923980214946035883e-01,2.342456821425762670e-01,1.913627463124954187e-01,1.368100607285762937e-01,-5.397589543840934645e-02,-4.786041586817239846e-02,3.066227816035467860e-02,-8.491729557701206341e-03,1.261040529245095465e-01,3.009977039683169320e-01,2.645314196071836821e-01,1.691549429346148881e-01,2.756065484888587935e-01,4.403072264157947280e-01,5.572578243252999108e-01,7.375970593685048371e-01,8.308018875102836098e-01,1.074694446682386673e+00,1.046686157441985010e+00,1.209119511675135872e+00,1.142651921453213593e+00,1.036677386625075359e+00,8.036685605189882731e-01,9.338262550209506241e-01,8.476061665842582471e-01,1.092928944115829637e+00,1.179651760166188890e+00,1.433643524783258627e+00,1.456446604975630388e+00
-9.686021790935420706e-01,-5.644732833760979229e-01,-5.013515952859887159e-01,-1.478918708435589535e-01,-1.205214364702427154e-01,1.172002883303362025e-01,6.945224819321237086e-02,3.016519747352313097e-01,2.951252907083365962e-01,3.795651306789786239e-01,3.510992640087258754e-01,4.303133334708414970e-01,3.460345453858832965e-01,4.778162920643826417e-01,3.370455537284657854e-01,2.897644704498614221e-01,1.849705958009169315e-01,1.301043765266324259e-01,1.540493882579451190e-01,1.461060859054721661e-01,9.688261396660431679e-02,1.572664707721754818e-01,9.353441815262360237e-02,-8.589518370075395481e-02,-4.701945424449605060e-02,1.103225199265406159e-01,2.547050850072202777e-01,3.711602650263953751e-01,6.511227851543992529e-01,7.862683458435013595e-01,1.004232989398917697e+00,1.082889621864230101e+00,1.217882104840730451e+00,1.066015793444571980e+00,1.089907091793753002e+00,8.574316102986367927e-01,8.763912944221499135e-01,7.213615610743151496e-01,8.522880748543941731e-01,8.876779153490429453e-01,1.213729660337391270e+00,1.226748284268038391e+00
-9.394892221031390100e-01,-4.961552559675996288e-01,-3.883174638573229087e-01,-7.600949294043767013e-02,-1.443937166752679198e-02,1.927564059609221669e-01,1.415178023649877048e-01,3.368679712943913884e-01,2.928428080639138842e-01,4.308761892838748331e-01,3.732999622872938406e-01,4.116689766701648878e-01,3.579611515829157486e-01,4.654325695373704441e-01,3.820953274562927660e-01,4.046005849820979439e-01,3.751107476287645626e-01,3.920087600791754556e-01,2.961616333208864082e-01,1.780120088266874678e-01,3.301525453036157493e-02,7.407514963348323100e-02,7.176277755896585953e-02,-1.068224975841558927e-01,-1.394903803046301516e-01,-5.457257010060023728e-02,9.293481860746673207e-02,2.208169650616811641e-01,5.685434553403871938e-01,6.951096878465762297e-01,9.572094499416246016e-01,1.177571685646861654e+00,1.328767363605290575e+00,1.150782782919471670e+00,1.192930467368251257e+00,8.755815510432337634e-01,7.622875855216616481e-01,7.365499280664773440e-01,8.801338721578109148e-01,7.679380821465455753e-01,1.026446924854417464e+00,1.124512153618600685e+00
-8.624416938374924735e-01,-4.751604689224560585e-01,-4.691779707405507316e-01,-2.069674686539953179e-01,-6.635947125326117912e-02,1.218378068522240898e-01,1.824301939891559421e-01,4.065223367016947420e-01,3.399869882473049998e-01,4.294521083305297693e-01,2.811715366152143236e-01,3.789570927352337582e-01,4.061620195057906169e-01,5.622714026749285887e-01,5.355518608245471990e-01,5.323237915123666397e-01,5.411791599577737699e-01,6.084595661044363002e-01,4.921400518164213422e-01,2.852651806867096962e-01,3.863981076491170008e-02,4.847349402615533376e-02,1.184985365394277956e-01,2.231126637530552251e-02,-9.046031709033304502e-02,-1.536931498872478874e-01,-1.166405343694624230e-01,-4.160068281591991317e-03,4.072591903656919698e-01,6.187541286168245502e-01,9.499433217575596888e-01,1.136927424616208882e+00,1.308197772417471372e+00,1.190556496783432561e+00,1.182250091325110386e+00,9.144835200207028780e-01,8.072879209352025187e-01,7.263741764826001646e-01,8.016116277868219342e-01,6.420108951206363601e-01,7.883351856653519896e-01,8.981157635266568962e-01
-9.891128904145161105e-01,-6.056854167962137936e-01,-5.382122972051224252e-01,-3.233735743332780133e-01,-2.452888148878192287e-01,3.158836721629210316e-03,1.509873543276058494e-01,2.718799548923814258e-01,2.271799707245427957e-01,4.382926181319914405e-01,3.478884300862913892e-01,4.964250278773365554e-01,5.380683536056507510e-01,6.385489298660149693e-01,6.043698798978598408e-01,6.421370535690054115e-01,6.151322702293782196e-01,6.250642923899738523e-01,5.708375610070122175e-01,4.446999317071286817e-01,2.943158363671836697e-01,2.451277524061770408e-01,2.200767116815715851e-01,6.343306005841123363e-02,-1.706232651619522256e-01,-3.056257426205360450e-01,-2.789634645827029913e-01,-1.537122420809301782e-01,1.678681849816453520e-01,3.743798633112430108e-01,7.147336971169583331e-01,8.977805203951099156e-01,1.139679457757366121e+00,1.061424344100293959e+00,1.049875076805736329e+00,9.354193602556382103e-01,8.900087460842387443e-01,5.972510471651111263e-01,5.976178947044135104e-01,5.592165685581076406e-01,6.512842824894390370e-01,7.270979717696387512e-01
-1.016522447694297115e+00,-5.882973077745277113e-01,-4.848203845152437852e-01,-3.568282158018463712e-01,-3.502891345995718941e-01,1.463815439657994641e-02,1.502776950127423239e-01,2.085485833479172602e-01,2.633944040305080669e-01,5.388823603585906064e-01,3.530273289602647302e-01,3.299091235586605886e-01,3.200332482455260363e-01,4.855622582683478128e-01,6.476565757332157780e-01,8.698203931766729236e-01,8.748901552793453273e-01,8.392975658901532521e-01,7.548584970348628520e-01,6.766066106101789046e-01,5.859768918967376283e-01,5.088537142329118135e-01,4.790025232877162531e-01,2.633396448335393325e-01,8.075560053399485211e-03,-2.029149617047181775e-01,-3.444993068527655855e-01,-2.708441935047967708e-01,-1.228319552515337414e-02,1.860143348522085571e-01,4.423234331680692688e-01,6.133878662247097546e-01,9.095441059857024557e-01,8.616401492735198397e-01,9.111735327920156280e-01,8.483272268154645745e-01,8.663389559472173262e-01,6.349763494685763954e-01,6.813752491162645697e-01,6.619067632513858657e-01,7.294951537252046814e-01,5.504889390108406166e-01
-1.075071327209838223e+00,-6.744477780133225631e-01,-6.080979847637426605e-01,-3.813341345192111098e-01,-3.317277046153586650e-01,4.033462654716653967e-03,1.187476354091605707e-01,2.509520681640599049e-01,2.361544078360044707e-01,3.833163974886055203e-01,2.673342463848557560e-01,3.623166167338864319e-01,3.527327864318103856e-01,4.734171342556022233e-01,6.416216763347708518e-01,8.250838910418356598e-01,8.472992670142647231e-01,8.317037162871665501e-01,7.549637845167600503e-01,7.890885512259737666e-01,7.042225953091620916e-01,5.858393940900902264e-01,5.187235524767308537e-01,3.166693028387780884e-01,2.042083544458505040e-01,-1.110073223686469240e-01,-4.756912248849495262e-01,-5.009163697304337415e-01,-2.974434199154317726e-01,-2.139162480894825705e-02,3.461179715563098003e-01,5.491000793125586643e-01,7.762324587342056548e-01,7.661865716898865752e-01,9.361155690021414344e-01,8.506841812958640947e-01,8.685336504293316162e-01,8.112968839768226470e-01,8.625237512124699357e-01,6.446311485153934928e-01,7.287433407606990210e-01,4.838246932271759726e-01
-1.189380528568451556e+00,-7.941768145057024331e-01,-6.936166275949210425e-01,-4.694937319578331159e-01,-4.492756973113364860e-01,-9.335284234447312202e-02,2.985535602121177148e-02,1.527059543162081201e-01,8.275619218959570644e-02,2.204000192245527401e-01,2.146681935733771585e-01,3.667115562877096280e-01,3.156243291546484975e-01,4.798809222119660434e-01,6.529690828940534209e-01,7.443916817369107264e-01,7.966740260809374030e-01,8.449280355741072279e-01,7.888081988660108346e-01,8.313540201209593805e-01,7.077959950883393470e-01,6.078250619736151883e-01,5.316552233199812738e-01,3.932964191052636949e-01,2.889191874619549960e-01,-1.089094192931326921e-01,-4.371484586797463323e-01,-5.694501868776209452e-01,-4.912805434141781502e-01,-2.363546834387576234e-01,1.417677094572888929e-01,2.932175144433371017e-01,5.066023108889790016e-01,5.974963285416345915e-01,7.918798137255050884e-01,6.894289022267769962e-01,7.074086894001416770e-01,6.691272346828119888e-01,7.321668309451121459e-01,4.602302620075480188e-01,4.627369858494996269e-01,2.725640931812571832e-01
-1.122823451901437952e+00,-9.012292963049657324e-01,-7.612718946880475679e-01,-5.327651637987409483e-01,-4.699846833119249445e-01,-1.197320084207496721e-01,-7.670789583570926384e-02,7.567139004072045982e-02,1.010724114447783401e-01,1.780908666916962979e-01,8.541281125850173905e-02,2.146217463144053095e-01,2.070059533673852814e-01,4.133057209569111490e-01,4.991812795825661397e-01,5.923016836881173086e-01,7.410789016989505207e-01,8.626182740329906284e-01,7.977297645204282084e-01,7.871208583355038257e-01,7.313634584168726693e-01,7.204305487727231672e-01,6.502718392089812394e-01,5.395287077339420145e-01,3.618586348457741853e-01,-2.254680768508791552e-02,-2.738510891757008903e-01,-5.546062437094974040e-01,-5.614076450092372328e-01,-3.978845560818819460e-01,-1.244884338173234822e-01,1.604329648687189552e-02,3.509146752839249483e-01,4.840122058898921886e-01,6.026897606673999874e-01,5.685517811069435989e-01,6.222949939642449246e-01,5.026170490453965023e-01,6.400637176856381894e-01,5.553901822900014773e-01,4.803219308188943493e-01,3.078577561623079273e-01
-1.056144246873557346e+00,-8.259455543023898061e-01,-7.053792062546284658e-01,-5.079346708566065960e-01,-5.002414144234990090e-01,-3.170750459279106925e-01,-2.403864250251664669e-01,-8.335071667578174484e-03,1.091008551824197877e-02,9.470966009455041024e-02,9.172908475649872717e-02,2.123488174099765480e-01,1.014950253437340716e-01,1.945058521410764907e-01,2.927518096918833579e-01,5.371256767078411709e-01,6.722067947660536058e-01,7.649553726994532399e-01,7.311875310642481640e-01,7.317879294924634070e-01,7.458818931301924859e-01,7.388250985023676609e-01,6.556022376482679714e-01,5.083864504769924908e-01,3.553711505104739099e-01,1.867580428702882711e-01,3.956174333520600522e-02,-4.428727431623643573e-01,-7.950074422920347939e-01,-8.612227784829734611e-01,-5.519866730089668660e-01,-3.516997363712340841e-01,-1.592949618597079911e-02,1.447911884307555297e-01,3.283639742835995912e-01,3.804803118937980511e-01,4.624332983692642229e-01,3.529705820962603102e-01,4.620260213533835536e-01,3.870595330508734278e-01,3.222023878408217801e-01,3.077391399976054931e-01
-9.813011837776889346e-01,-7.808633807984582953e-01,-7.245979071441517316e-01,-4.801489156343238252e-01,-4.642419344588005758e-01,-3.168414066773557192e-01,-1.756786763834642939e-01,-8.040724868308114781e-02,-1.203126663706994837e-01,5.514724559983862767e-02,6.064522844288699338e-02,7.693320666481813508e-02,-6.874296927109720123e-02,4.193720881141778378e-02,1.628121046852389897e-01,3.503031037485198063e-01,4.500301250364424077e-01,6.690807833680005867e-01,7.439298410586527854e-01,7.565068461891445439e-01,7.992841684008313852e-01,7.579055344306624420e-01,7.163156986133485393e-01,6.020264253704963320e-01,5.140373088899800047e-01,4.620740625862564399e-01,2.912550679888112892e-01,-3.050898896947313310e-01,-8.620146119235939652e-01,-1.064901115175146629e+00,-7.603440612507375018e-01,-5.447305876516042034e-01,-2.689182032543226408e-01,-6.875633285829330088e-02,1.292030485267968709e-01,1.420751709283385733e-01,2.627377430865699970e-01,2.248677203493204546e-01,3.023636467973652153e-01,2.610534958207726408e-01,2.754764543912311958e-01,2.830170161983693311e-01
-1.045841476203829057e+00,-8.681477531840462447e-01,-6.913936422408762938e-01,-3.351830460587964522e-01,-3.094683785168113599e-01,-1.977049182915770476e-01,-1.460635988154175557e-01,-1.321395570253757756e-01,-1.031640984163602753e-01,6.588303968565982840e-03,-7.510964967003493087e-02,-2.257197119006333977e-02,-6.913031638861392991e-02,3.317502546666646623e-02,7.628581100461624687e-02,1.792705237365593840e-01,3.329919126038103916e-01,5.661055557662730831e-01,6.403130761680764227e-01,7.554240247561196941e-01,9.091902290114080021e-01,7.722391502838992228e-01,6.488568038511697278e-01,5.644065374971882765e-01,4.984556757106004543e-01,3.756083676678941274e-01,1.094841563531703532e-01,-3.503207216655021550e-01,-7.958187715402150753e-01,-1.225440282689747917e+00,-1.324931037696090996e+00,-1.103580896868014971e+00,-7.039404088566447726e-01,-4.242830787438259810e-01,-1.748317124444292714e-01,-1.213180731759132547e-01,2.403941465545629888e-02,3.772167327281349819e-02,1.480941276373620719e-01,1.067465295296703698e-01,4.845341499001327989e-02,-4.128138579471796188e-02
-9.650501028989428853e-01,-7.148436746493174176e-01,-4.808932016458436487e-01,-1.975160878129748609e-01,-1.767336340485152202e-01,-1.202804414855337400e-01,-1.469593219724928679e-01,-6.613291391474977743e-02,-3.696676768296532772e-02,-6.696826046617414263e-02,-1.458343414645824343e-01,-1.161852310576259456e-01,-1.485696446702099160e-01,-6.012401382126771748e-02,-3.587276865863446573e-02,4.617849929865643077e-02,2.084333108564860038e-01,3.788504838824102716e-01,5.224244161513693641e-01,7.323210440662069054e-01,8.522141434122854076e-01,6.649873470494580552e-01,5.707590252606442593e-01,5.423256689861718494e-01,4.727448513195527391e-01,2.886048516877748882e-01,-1.249946274571018309e-03,-3.520943019835066634e-01,-8.017786170684717550e-01,-1.414671061273077735e+00,-1.850667760976562271e+00,-1.631503545286231205e+00,-1.142776012171317968e+00,-8.607622733679521909e-01,-4.930705892810707813e-01,-3.553202460648260952e-01,-2.605741558062996677e-01,-1.694804171429916406e-01,-4.713241430278924948e-02,-1.423057087031390500e-01,-2.461236521777681319e-01,-3.497413870447366180e-01
-9.044877349033144665e-01,-7.013399315368964437e-01,-4.794561264521158273e-01,-1.718959015973965110e-01,2.501755462902380961e-02,6.342985907271073143e-02,-3.445136721704685715e-03,1.038435794832328896e-01,7.234957757358261021e-02,-2.073075260914991613e-02,-1.096809933076452886e-01,-1.898469922327881421e-01,-2.089578505988713419e-01,-1.433170470977460087e-01,-1.230760138407397397e-01,-2.705645390528794211e-03,2.147386038217616866e-01,3.419065888644796103e-01,4.007786645821334592e-01,4.877609880876396797e-01,5.671445372041699073e-01,5.418925611984839463e-01,5.469231111663263034e-01,4.942028145848493814e-01,3.748325260435061423e-01,1.952214578441502091e-01,-4.142479566768427629e-02,-3.675391454114790291e-01,-8.924253221357970611e-01,-1.492968520894056628e+00,-2.034446110324414025e+00,-1.965446076051632129e+00,-1.587597643143205506e+00,-1.344154288663283348e+00,-8.984587517077949892e-01,-7.254483561530669089e-01,-6.640166714425557171e-01,-5.879534992757902145e-01,-5.409231477979145053e-01,-4.942256233738137605e-01,-5.259412321586870442e-01,-6.856183410431718750e-01
-8.592030767017125870e-01,-6.107788763775787721e-01,-3.689060344961830884e-01,-1.250856655621433167e-01,1.044374494141369347e-01,1.599869069739177085e-01,1.842469997555689909e-01,2.922044299695509828e-01,2.352426104402066676e-01,1.165596616294400784e-01,-2.617228176734526842e-03,-1.222824942918397939e-01,-1.424736863070834025e-01,-1.454291078733218889e-01,-1.497817355331442779e-01,-7.376243917299211972e-02,5.332729921977252124e-02,1.420054490631390831e-01,2.119994144760588284e-01,2.509061053922100881e-01,3.441557277065830367e-01,4.025061230129727274e-01,3.564285990098342016e-01,3.220290675283214998e-01,2.276751428297875968e-01,6.730025605882852813e-02,-1.462451731946791678e-01,-4.457505144418291154e-01,-8.998575360685905355e-01,-1.426324985471055351e+00,-1.981651209162936356e+00,-2.139415853051239491e+00,-1.960674376193395796e+00,-1.657202450060915710e+00,-1.257773663044608803e+00,-1.161264503472740461e+00,-9.739575283847253795e-01,-8.110551867672857185e-01,-7.765920700991341130e-01,-6.642475244477404894e-01,-7.514187736950088681e-01,-8.256254592864382680e-01
-7.200363985966451441e-01,-4.952545611638195511e-01,-3.148355674190183029e-01,-1.998051971449000541e-01,-3.554343599462293779e-02,9.851612451747447652e-02,2.372635191114815523e-01,2.726379764610889489e-01,2.553298688735347599e-01,1.937260784862904484e-01,6.289560383409585620e-02,-7.191133090103940528e-02,-9.755231500307819104e-02,-2.001465726955375390e-01,-3.352278838123946003e-01,-2.324837367341300864e-01,-5.405096201952112878e-02,6.338438275272942346e-02,1.800969849333142470e-01,1.622824899763107009e-01,2.009757728754795469e-01,2.448462741428442946e-01,1.403110561047881122e-01,1.833863240231070335e-01,1.273281577139279974e-01,-1.980747394483767850e-03,-1.797538417716433579e-01,-4.249307458450092834e-01,-6.883637572119739589e-01,-1.087333833326770360e+00,-1.628642284667756623e+00,-2.140638215412188572e+00,-2.389530896613186961e+00,-2.203919953136630916e+00,-1.909657341008792475e+00,-1.774907695336860325e+00,-1.414507769342207677e+00,-1.140374951718402530e+00,-1.097049704827868233e+00,-1.021475289245029616e+00,-1.050375559904137113e+00,-9.540553486312406406e-01
-6.900638467210811200e-01,-4.430880737112258827e-01,-1.868055583947599019e-01,-1.180913157162857274e-01,-9.580559875063394959e-02,2.425873614136479089e-02,1.973591777770941080e-01,1.809249337236565058e-01,2.194093732446625034e-01,1.701798355086984182e-01,-2.124339900603865183e-03,-1.465267082953968791e-01,-1.689613251786310777e-01,-3.592997125952369641e-01,-6.002064085122832404e-01,-3.825266099511713258e-01,-1.180047976061407294e-01,-1.057513877939501717e-01,-6.594034501546190696e-02,-3.306986958585189651e-02,-6.975223073747451302e-04,4.520133862317113338e-02,1.718927225710139076e-02,7.520387756086169273e-02,-4.786071230014697642e-03,-6.829679975813425508e-02,-1.552201380853645563e-01,-3.403184675107192581e-01,-4.939050036480781558e-01,-7.914766120433001095e-01,-1.274343806430172421e+00,-1.937287396453889032e+00,-2.469891602234300709e+00,-2.567142522149526318e+00,-2.388480579475464438e+00,-2.143198323173701958e+00,-1.722263256821925603e+00,-1.310587190627389598e+00,-1.215092807275971243e+00,-1.170889674877607867e+00,-1.131618201991944739e+00,-1.100430269443619657e+00
-7.778285814038508050e-01,-5.471333557951805204e-01,-2.592836670590709103e-01,-1.173693773709698629e-01,-3.384583227499217417e-02,5.158376792448814835e-02,1.736548933247450688e-01,1.414154094237286552e-01,1.240551528490465849e-01,5.996335376260189531e-02,2.032445348799275658e-02,-6.743517710020667522e-02,-1.427682876716150628e-01,-3.426853326505504560e-01,-6.051487112236808574e-01,-5.555767333923006257e-01,-3.802518213873097852e-01,-2.881796788981946800e-01,-1.973361609287442309e-01,-1.122357984895960420e-01,-1.717779924529036495e-01,-1.267543486538927622e-01,-3.783208608692993635e-02,-6.465125430873604195e-02,-1.458982671264917597e-01,-1.875583655372309866e-01,-3.140273140800150520e-01,-4.853935443449998166e-01,-6.097917892230372283e-01,-8.175331600599455850e-01,-1.116981492621808236e+00,-1.629539946046262955e+00,-2.222119136560393837e+00,-2.607662346767027906e+00,-2.683761525246281643e+00,-2.541763347199913703e+00,-2.118918465881614033e+00,-1.575563710703122400e+00,-1.472550039059213889e+00,-1.421324412665323722e+00,-1.360366688485568520e+00,-1.360143171406312579e+00
-8.424343478699222176e-01,-8.027523356018654299e-01,-5.146492399863960010e-01,-1.873197546831858185e-01,6.119472707969907804e-02,2.454745180772471488e-02,3.420998900029177670e-02,4.684918699010853088e-02,3.274340981355049890e-02,2.309949276350764177e-02,1.150078883010723640e-01,-2.128641622865747821e-03,-1.966411879030352805e-01,-4.460846726259119488e-01,-7.065711066885490554e-01,-7.684934989531623240e-01,-5.326919530887146426e-01,-2.864829924480548073e-01,-3.044236713807247363e-01,-3.194083321670874720e-01,-3.280611715944762308e-01,-2.238340970235450089e-01,-1.993048242981763918e-01,-3.483516835463115191e-01,-3.946373932249741534e-01,-4.634363532528046892e-01,-6.118113572282425361e-01,-6.529890104669237028e-01,-7.107981082313519217e-01,-8.537873049319971708e-01,-1.010170970433188709e+00,-1.445418627855030724e+00,-2.063685017342490102e+00,-2.539000245461208394e+00,-2.785022990479681049e+00,-2.775762399324268603e+00,-2.510541228952624326e+00,-2.119059823143667032e+00,-2.008459139716807673e+00,-1.770298027060628332e+00,-1.617436116071552465e+00,-1.546733260711739444e+00
-9.752862011233937034e-01,-9.115142702629915883e-01,-5.585407140336182685e-01,-2.916241480424896504e-01,-1.056660144157891140e-01,-1.136488413601790121e-01,-1.329357810428535456e-03,4.813942980601733368e-02,9.992548195136984057e-02,6.192078545308916937e-02,8.270040468558247093e-02,-4.127202650457403171e-02,-2.004021685487925308e-01,-4.113966997431328099e-01,-6.637361263372059117e-01,-8.519158151354988551e-01,-7.142904024513203609e-01,-5.150759965792728323e-01,-5.388701695867601504e-01,-5.119012366628630240e-01,-4.584187002406935885e-01,-5.072245132593562467e-01,-6.279098240488134586e-01,-7.134516583869953132e-01,-7.230751120716387703e-01,-7.173185825043805197e-01,-7.282836199345293915e-01,-7.325926205681358994e-01,-8.886695609298007614e-01,-9.987493382960790367e-01,-1.063345533193051473e+00,-1.460782488336647811e+00,-1.935668457286441324e+00,-2.427670781310243608e+00,-2.911599083376009922e+00,-2.978691627515367202e+00,-2.856615047967011822e+00,-2.533225013160092409e+00,-2.365359170349642604e+00,-2.132058304511007751e+00,-2.034953404474187710e+00,-1.882558635666613300e+00
-1.014246355934093735e+00,-1.004963582920240572e+00,-7.347791207562723859e-01,-4.729481197204248866e-01,-2.369092224937246194e-01,-1.644919899583297540e-01,3.335721862841303786e-02,5.396504582212979101e-02,1.635031559887921981e-01,1.557505558427437105e-02,-9.860357643554791204e-03,-5.639784535373559837e-02,-2.343025978690343736e-01,-4.250587979256078563e-01,-6.600260872842385051e-01,-9.184254524452870605e-01,-8.480791991044159817e-01,-7.628538919843403932e-01,-7.652922324080853045e-01,-7.859853256347675288e-01,-8.121965876018049091e-01,-9.169362896865790313e-01,-9.658767267663963541e-01,-9.440279861807050477e-01,-9.844426417714384758e-01,-9.466309164094897088e-01,-9.311394238156371905e-01,-9.336702080795623582e-01,-1.110884906150711338e+00,-1.121256948304028445e+00,-1.103862389024352408e+00,-1.442424947165737104e+00,-1.748367738948498840e+00,-2.177986662986185706e+00,-2.753559156358040827e+00,-2.829396197335916074e+00,-2.828353464901221415e+00,-2.653755031314963819e+00,-2.622821820768951984e+00,-2.362839744916229279e+00,-2.265675182601965432e+00,-2.179794854107606206e+00
-1.080639522396279917e+00,-1.150649298711563517e+00,-9.262650559369639547e-01,-5.827238993774062070e-01,-2.710635423572666514e-01,-3.104237800296495986e-01,-1.380346264845542514e-01,-5.104712538713289394e-02,1.436521450268297417e-01,-2.774098826309016538e-02,-3.923543317906381597e-03,-3.612528109468218177e-03,-2.103547850778117456e-01,-3.978952683636468590e-01,-5.870154836560398381e-01,-8.210052476118581133e-01,-8.076529583654681321e-01,-8.713445302098776768e-01,-7.793026064336593395e-01,-8.114773318864429985e-01,-1.007231472251397086e+00,-1.126748257119501773e+00,-1.131274475899626264e+00,-1.126607548060960307e+00,-1.133690756872560934e+00,-1.162947556478837852e+00,-1.274799335690518287e+00,-1.164366695506459326e+00,-1.251419366758899976e+00,-1.323065606745476908e+00,-1.388141474970273181e+00,-1.633067541602066131e+00,-1.956937582855278634e+00,-2.262551220363484106e+00,-2.686060093614154543e+00,-2.857356395860587206e+00,-3.000396551661247191e+00,-2.944204899906235795e+00,-2.958268513556360446e+00,-2.551379748183745022e+00,-2.463617610177831541e+00,-2.459167253969854361e+00
-1.118086005564330465e+00,-1.158029832897100819e+00,-9.717577403790957913e-01,-7.997739094631908241e-01,-4.458481887313118786e-01,-3.668830726128620712e-01,-2.010052992750833989e-01,-1.818356362788278446e-01,3.344687578951495432e-02,-1.732301085920524061e-03,5.895636809756713004e-02,2.376380756446723821e-02,-6.820650617734540233e-02,-1.931855896249514148e-01,-2.614166977183366436e-01,-4.987587290325669609e-01,-7.133916256091430430e-01,-9.972168237234564359e-01,-8.759531596363132611e-01,-8.268258562136538981e-01,-1.032878082959820754e+00,-1.136998797302420705e+00,-1.177379871208851903e+00,-1.288078881155722000e+00,-1.268583170664391968e+00,-1.223466698916420459e+00,-1.331631776406593914e+00,-1.330188816591332257e+00,-1.519923013897162001e+00,-1.677276714969347937e+00,-1.869928741041911202e+00,-1.943555169258544435e+00,-2.303490241490956159e+00,-2.570399113721789863e+00,-2.868646270436054913e+00,-3.054931348146864512e+00,-3.161977389043373776e+00,-3.082712857487093672e+00,-3.123602007557036764e+00,-2.797029726047338460e+00,-2.696670263109550270e+00,-2.591260288190456507e+00
-1.037756016991244312e+00,-1.201594327357693670e+00,-1.017340320883605598e+00,-9.531768430590644714e-01,-6.339255333211999410e-01,-4.467896533820735483e-01,-2.810840280875575581e-01,-2.882268331178006737e-01,-3.091955933435593454e-02,3.571811862547276395e-02,1.199797164842866110e-01,7.816979522954410620e-02,1.041841019963558185e-01,3.451494826243811046e-03,3.072627918465597671e-02,-1.822024872365052839e-01,-3.652806545601926524e-01,-6.389964336470395079e-01,-6.996041336312065484e-01,-6.438688820959634906e-01,-6.105874047439814323e-01,-6.933129068765404579e-01,-8.651451945206118932e-01,-1.024680101808945532e+00,-1.065273587135443067e+00,-1.095562376492486445e+00,-1.237454323346504070e+00,-1.362297914999770487e+00,-1.607579361856548816e+00,-1.711375853659116597e+00,-1.974388740168053324e+00,-2.051169498665720514e+00,-2.500623902180722169e+00,-2.851228801131338919e+00,-3.203379763452200990e+00,-3.340495333705318259e+00,-3.432106238855292091e+00,-3.427069817650018280e+00,-3.547576079945886640e+00,-3.244444973357092366e+00,-3.064972497239628169e+00,-2.917630392634148695e+00
-9.180998474261248266e-01,-1.158502650182154481e+00,-1.009847091843683931e+00,-1.025336517877756703e+00,-7.581054965885420938e-01,-5.543065678360604709e-01,-2.598000994317251622e-01,-1.568198176763281049e-01,7.409929266039995410e-02,7.767331265595421586e-02,1.977691475918813557e-01,1.671133954676710109e-01,1.872030902431477406e-01,1.329710618284228041e-01,2.619238285062648885e-01,6.550677105749971862e-02,-4.373639725823834368e-02,-2.108040961271651914e-01,-2.997596905382934329e-01,-2.681626174499919801e-01,-1.532253811897019979e-01,-3.177271394072474497e-01,-6.340202630860605204e-01,-7.511380981207547158e-01,-8.291470668246683218e-01,-1.035961392543835791e+00,-1.224292360363794074e+00,-1.221375621678470136e+00,-1.456881280482192231e+00,-1.642784091531289903e+00,-1.961001916429321312e+00,-2.170138131859474129e+00,-2.661913205601090127e+00,-2.956082056730233276e+00,-3.333183482271401932e+00,-3.475794202140993328e+00,-3.623450572456734520e+00,-3.599080907529485174e+00,-3.793833430500578974e+00,-3.627510003415772122e+00,-3.643243594032924637e+00,-3.530270435597364198e+00
-1.049810674597936755e+00,-1.206258930330644130e+00,-1.065170294607021617e+00,-1.102913885393150162e+00,-6.500102147984152534e-01,-4.574195996427835031e-01,-1.895008524905042457e-01,-1.576062808099669144e-01,1.018919025743357520e-01,1.771801453542902471e-01,3.825496087976090753e-01,4.533485787413419899e-01,4.684431621619243313e-01,3.881121480690494230e-01,5.542693300848379190e-01,4.397687209192810420e-01,3.406097336896218852e-01,1.421852578335541795e-01,1.110956328698422119e-01,1.187508936924450281e-01,1.829703538054326950e-01,9.865252445508572443e-02,-9.999595449584970652e-02,-2.218070445798140944e-01,-3.967798830072436500e-01,-6.046756982345636855e-01,-8.193162302684410259e-01,-8.993914677949188530e-01,-1.165000829764196277e+00,-1.346126321182408603e+00,-1.717510042922840707e+00,-2.088765549124667498e+00,-2.618337867351188564e+00,-2.899439701503301325e+00,-3.296606719880967873e+00,-3.490268223059331820e+00,-3.785989872101027220e+00,-3.745873939712592193e+00,-3.957199193499645773e+00,-3.909559386128524494e+00,-4.100675535130746674e+00,-3.976100904180503548e+00
-1.187577322288027704e+00,-1.337302118238057780e+00,-1.204461874580625036e+00,-1.202275186504657700e+00,-6.316425340479521200e-01,-5.045863116652899993e-01,-2.171497397108142491e-01,-1.976851528515443657e-01,1.649219226873792910e-01,3.009329481656278227e-01,4.789081362819253562e-01,5.953646526614813084e-01,6.575727627995768820e-01,6.356009757891067924e-01,8.909764703928031437e-01,8.856610291123453438e-01,8.373989887672101950e-01,6.814962376019626511e-01,7.194065099550737141e-01,7.255181744051981685e-01,6.360913323740459147e-01,4.656387002453499790e-01,3.879375080841755974e-01,3.153536996194372666e-01,9.047476015764435719e-02,-7.895757133522658677e-02,-2.593367003551255157e-01,-4.305318776357989763e-01,-7.152832000583009275e-01,-8.811856909144237804e-01,-1.265165266920408538e+00,-1.597555322830360724e+00,-2.113971533519049206e+00,-2.458881446837361651e+00,-2.912441381086417369e+00,-3.082308343306129572e+00,-3.413480278405610413e+00,-3.444862404438476577e+00,-3.717710065167578293e+00,-3.788991009570783053e+00,-4.191543803369544463e+00,-4.144179353733598248e+00
-1.231201009545188185e+00,-1.421801016725134703e+00,-1.321055756972511208e+00,-1.208581129515547081e+00,-7.106669089009539642e-01,-5.886750554114807965e-01,-1.600778161758003859e-01,-7.334606855716736817e-02,2.940887762366140024e-01,4.939299086296431440e-01,7.654106373788783779e-01,8.372677017290690582e-01,8.740009797116626844e-01,9.125944821590057376e-01,1.230843974677769292e+00,1.273610892782990778e+00,1.218464409248657843e+00,1.095339343521412712e+00,1.121130294939341354e+00,1.124286208279437815e+00,1.055747242106083394e+00,9.440382915391178908e-01,9.014054511314607554e-01,7.872228876814154619e-01,6.383349033844640807e-01,5.456756125600323859e-01,4.540832964465266741e-01,3.077733143010645267e-01,-1.041893413244266292e-01,-3.763683783873404409e-01,-6.902356110820347945e-01,-9.443700514597204165e-01,-1.473068137574095271e+00,-1.736616181703857009e+00,-2.186151559266397815e+00,-2.387353122470273536e+00,-2.782247665509082868e+00,-3.038652561777781091e+00,-3.521899820296124695e+00,-3.665612540047247236e+00,-4.024527646018194460e+00,-4.020328098926439608e+00
-1.506852581129033197e+00,-1.622221047847033137e+00,-1.349533666409141741e+00,-1.066351356185214261e+00,-6.079007055133099913e-01,-4.252239848671487965e-01,-1.382714306854319897e-03,1.274938071496942438e-01,4.706490710456221471e-01,6.736942325288520772e-01,9.501012403623075864e-01,1.049841521059676097e+00,1.250498094732912957e+00,1.279287684650437074e+00,1.430452611469338331e+00,1.472149703697124723e+00,1.519926459309920208e+00,1.465604005230100704e+00,1.436198302888567868e+00,1.433389623631675214e+00,1.486710177082619655e+00,1.505406871226954824e+00,1.397681213333558548e+00,1.072693158223588572e+00,9.226756610168183048e-01,9.372204218352991889e-01,8.844819497432199196e-01,7.107126922370562427e-01,3.381165082090604179e-01,2.385901715860986316e-01,5.073066738919640960e-03,-3.413921760296340091e-01,-8.933146460902446906e-01,-1.050672775379800417e+00,-1.419831302477354118e+00,-1.605186530204364859e+00,-2.013758398319085430e+00,-2.262149638575898791e+00,-2.751262537728812241e+00,-3.074908765299745994e+00,-3.496359253171567261e+00,-3.659802601074029660e+00
-1.653387797179996621e+00,-1.540979328988814068e+00,-1.234464620646322786e+00,-1.003463095917083603e+00,-5.234493108257713967e-01,-2.418915985946068770e-01,2.077326538022429558e-01,3.936612942277595839e-01,6.702302392785626228e-01,7.903450778191611903e-01,8.794077424958791633e-01,9.818102513212425553e-01,1.373466915283851009e+00,1.564050890700201091e+00,1.738588101859448010e+00,1.706405472943310464e+00,1.744181758553042805e+00,1.734666419725046982e+00,1.688076895787286036e+00,1.696075552798167907e+00,1.765977792329158191e+00,1.777312199458313646e+00,1.752650825233620369e+00,1.478835519304755985e+00,1.253088104378019096e+00,1.192163090595014907e+00,1.081289237130746983e+00,9.690811702312178699e-01,7.481639007883624792e-01,7.111270651061915027e-01,4.661950002585026898e-01,1.849950739776501096e-01,-2.366645854385268366e-01,-4.515756779765612294e-01,-7.968948600502350210e-01,-9.284444043513048195e-01,-1.289573933279197337e+00,-1.476024406217641083e+00,-1.816873916150808288e+00,-2.202244171386261939e+00,-2.779480113746872760e+00,-3.158736513513057620e+00
-1.632386861308973369e+00,-1.372967735235779418e+00,-1.060486576295729622e+00,-7.804400571910028450e-01,-3.922469096001851008e-01,-2.031129884144582676e-01,2.608467108210872909e-01,4.665630877623601624e-01,7.216785154002900438e-01,9.347477678570939030e-01,1.030779073873496099e+00,1.172135355384919642e+00,1.520270677800535708e+00,1.642821549279567250e+00,1.720010828118976765e+00,1.637296886378500904e+00,1.714543897979172948e+00,1.819519360322739532e+00,1.818277653642400793e+00,1.766554583619376340e+00,1.786972801640141828e+00,1.792986092879164106e+00,1.865803073283037294e+00,1.813567151537501587e+00,1.747006061957022682e+00,1.635262542161365795e+00,1.355194750854989971e+00,1.302040230721523972e+00,1.130519754572664182e+00,9.742843542912786869e-01,8.522802101701666411e-01,7.440806426677306629e-01,4.048509243051622852e-01,1.405026495055789748e-01,-1.751569635773355949e-01,-3.431083088907947443e-01,-6.466929858071461812e-01,-8.695367775172873070e-01,-1.109869544441408395e+00,-1.369047153777108505e+00,-1.977570668193149972e+00,-2.395390451716107094e+00
-1.682608802537119530e+00,-1.336682721307912214e+00,-9.069621713831121923e-01,-5.396066542470084881e-01,-2.123593942948848734e-01,6.652152661834268010e-02,5.093659403980623779e-01,6.929302766441229888e-01,9.474867737813594815e-01,1.170890522861962157e+00,1.261660469777167393e+00,1.415039382757282249e+00,1.698688642064730248e+00,1.655756771555475071e+00,1.577277745996782388e+00,1.687141002333895301e+00,1.899217439815840791e+00,1.987042439438725383e+00,1.927145207719749509e+00,1.828251290573077892e+00,1.883332156811556857e+00,1.883593855763793901e+00,1.857444632489463787e+00,1.817285925429304116e+00,1.830000986912549976e+00,1.795322864861157885e+00,1.595778438196808313e+00,1.594973021971836769e+00,1.448065566506279156e+00,1.230671601723217545e+00,1.167873422557040408e+00,1.070679244089935533e+00,8.293718721491348811e-01,6.396487741690746187e-01,3.465159651473595503e-01,1.245040328579266470e-01,-9.534884724709806469e-02,-2.232088041158241665e-01,-3.958021663721830175e-01,-7.961414712672161276e-01,-1.480762735295762633e+00,-1.714888276926740840e+00
-1.482807339786741618e+00,-1.042470286184303596e+00,-6.976849513927622093e-01,-3.970831674964345193e-01,-5.983911854258035928e-02,2.899848589103023455e-01,5.802018118554690407e-01,7.598566338983597790e-01,9.486039870191689261e-01,1.111682782351419263e+00,1.272654854471537478e+00,1.440336552288496996e+00,1.640521589354517973e+00,1.706581830804870137e+00,1.782448920329625874e+00,1.940468800569835395e+00,2.051631631114723575e+00,2.115246077891291598e+00,2.043941115132173358e+00,1.937930677041177718e+00,1.972155885806522679e+00,1.976317887606149348e+00,1.978926916438851658e+00,1.930757566699515815e+00,1.836983833629772800e+00,1.844017721197782622e+00,1.840385854286999745e+00,1.786071232258315433e+00,1.725116312457966927e+00,1.582900821918802103e+00,1.451723853245934892e+00,1.341202260879560626e+00,1.243271546771836489e+00,1.049998062877000926e+00,7.423755639319710165e-01,6.068208740594436268e-01,4.312816420103988135e-01,2.415577379714311246e-01,5.192031071354423835e-03,-3.696521393887525209e-01,-7.608095958667275838e-01,-9.071476703888345927e-01
-1.477054337078145929e+00,-1.029573793606203269e+00,-7.315479366660719851e-01,-2.715214510867509090e-01,7.002862044765578720e-02,3.013220107851368179e-01,5.525832689596917868e-01,8.834902873887507946e-01,1.066668880600151192e+00,1.198905325928840027e+00,1.316271732277134898e+00,1.496136314883369067e+00,1.626412181742219909e+00,1.778953267777232394e+00,1.908531256798092990e+00,1.898652898597515959e+00,1.953724244026023626e+00,2.118294199336886230e+00,2.122386520804630194e+00,2.050904928213991063e+00,1.988819917349176070e+00,2.013906165312038699e+00,2.074467635753976857e+00,2.000605738161425506e+00,1.975811973211133665e+00,2.063170965694712145e+00,2.088800047190107811e+00,1.914230722388312600e+00,1.874263541415908119e+00,1.754616379072724275e+00,1.601123752350981810e+00,1.524858922314931364e+00,1.425103065613077868e+00,1.229932435714238714e+00,1.053423020327658222e+00,9.891002539555657780e-01,8.139255976112487190e-01,5.412760694927353233e-01,2.454732371523881129e-01,8.969558202702839628e-03,-2.145963990179153291e-01,-5.596124775735027423e-01
-1.302360535251523288e+00,-9.245047861922717214e-01,-6.505566764895328591e-01,-1.410233812725975033e-01,7.098474150426085927e-02,2.415007189052445213e-01,4.867187042790344087e-01,8.806470770913250590e-01,1.107346624116451572e+00,1.261005196477091417e+00,1.247990203041696056e+00,1.458091782563247563e+00,1.614811858167580549e+00,1.715524934942216584e+00,1.772043222228090631e+00,1.772656863946852290e+00,1.823522097394076447e+00,1.861511854983995073e+00,1.885212438141349978e+00,1.995266360434975406e+00,1.984649397633313272e+00,2.032259314200189682e+00,2.168688137781112690e+00,2.127607342804979318e+00,2.140383805000252604e+00,2.123122589034660557e+00,2.117087968885117633e+00,2.051894044392168048e+00,2.022093106234568616e+00,1.869592060083522966e+00,1.739333599292750998e+00,1.691116532183518872e+00,1.552991875253254550e+00,1.400150040038842469e+00,1.434285827437661975e+00,1.359441770673590621e+00,1.142907997342237136e+00,8.698332691811129225e-01,6.239978679739937029e-01,4.407189980083969782e-01,1.837126949383483254e-01,-2.911927025491873322e-01
-1.428775063487219388e+00,-1.012273289728443881e+00,-6.827764048676581154e-01,-2.001837513503574029e-01,-4.971096319714894685e-02,1.667651825274546473e-01,3.607629973030885839e-01,7.413102650161587093e-01,9.108247776544368124e-01,1.123637776913166464e+00,1.210973367161653380e+00,1.452261190405626623e+00,1.574992718943320380e+00,1.605094098682725789e+00,1.664251057662341715e+00,1.750689008849815709e+00,1.767171995192489797e+00,1.809005702245565006e+00,1.842273273377049048e+00,1.978635897712623493e+00,2.010826486887750342e+00,1.970433123095608696e+00,2.139144313545678244e+00,2.215825597883883002e+00,2.257668813021902920e+00,2.169329348822713222e+00,2.113357480583635262e+00,2.080634054864578975e+00,2.068688436474276582e+00,2.011111530329615427e+00,1.930156908514703007e+00,1.860855496472394899e+00,1.726092299141691599e+00,1.515043830625177002e+00,1.541053634204752942e+00,1.462547816525416211e+00,1.360288016811857625e+00,1.093964306393418351e+00,8.087853125209223393e-01,5.886317580069444499e-01,3.962403380303036737e-01,-1.076135322756504448e-01
-1.473565926017295080e+00,-9.914292081616211672e-01,-7.554098486966189796e-01,-3.204237144611380428e-01,-1.451706919718162569e-01,1.349530305474794245e-01,3.167168722336113906e-01,6.235840306801145871e-01,7.283703962971448398e-01,1.067452553707010532e+00,1.216988669250351984e+00,1.367902708006959678e+00,1.445746672095625129e+00,1.439758276761147648e+00,1.522985740166054036e+00,1.678067452720866770e+00,1.723564228459902425e+00,1.858059125255215438e+00,1.755757117296608216e+00,1.782916906919175037e+00,1.898822234167967027e+00,1.864200229664685793e+00,1.891159524482545429e+00,1.880236385786462794e+00,2.061545992006228900e+00,2.183984871617379753e+00,2.170202082447799441e+00,2.066028486081354032e+00,2.059600345569735147e+00,2.040437531175470998e+00,1.993815908345293764e+00,1.932584827126465621e+00,1.853628520688154868e+00,1.708086592891230104e+00,1.694669652805351534e+00,1.510429937312329329e+00,1.452374582152414551e+00,1.205948306327681241e+00,9.841138776850577585e-01,7.669915081318926520e-01,6.805762817621676675e-01,2.417127233327555913e-01
-1.405754192744184117e+00,-9.987565027673830365e-01,-8.612615541326885671e-01,-3.884348756217644860e-01,-1.688803103523038585e-01,1.418988012044425651e-01,3.172523610960959473e-01,5.112952763316072069e-01,6.207020611789890729e-01,9.757960180928013649e-01,1.016270500082547379e+00,1.129585047215476923e+00,1.238794785280729949e+00,1.295753030613024048e+00,1.402961588348653921e+00,1.582529062305438661e+00,1.646034936535564430e+00,1.843917308641927821e+00,1.754380557423298459e+00,1.749028302796521661e+00,1.810173673165357044e+00,1.893641927770328026e+00,1.894516550662591836e+00,1.809894277484069613e+00,1.983449428864928699e+00,2.090828734870868733e+00,2.129934844686296458e+00,1.969765340455841285e+00,2.018059532941057554e+00,2.027815007751874177e+00,1.950093391769132101e+00,1.888181916268260041e+00,1.860743567238609675e+00,1.745199930965954938e+00,1.727160789223394222e+00,1.530763419227969324e+00,1.447963703681569791e+00,1.165617744594146021e+00,1.015176749387471711e+00,7.844658172382669159e-01,8.011245811717710996e-01,5.250170366004570655e-01
-1.529975933401614530e+00,-1.195684991208532111e+00,-1.046111528296979953e+00,-6.662186955644813224e-01,-4.375609509635736694e-01,-4.843500654374488512e-02,1.731910407089824189e-01,3.797213262627875952e-01,4.917550339471456478e-01,7.076933082631606808e-01,7.350207222670813723e-01,9.184364622756607810e-01,1.014586000664148724e+00,1.238189447893961681e+00,1.374030937927754437e+00,1.512028937816543017e+00,1.481017190358270508e+00,1.674724906092232679e+00,1.702030961744382065e+00,1.718498594148375691e+00,1.727362748395502745e+00,1.881044812290041834e+00,1.903047650087552833e+00,1.895857712665351080e+00,2.034555670411719586e+00,2.090871711020534818e+00,2.219265805853530171e+00,1.927381180507218961e+00,1.981543880227114807e+00,2.084017979845315338e+00,1.962759893124246924e+00,1.833073723606870153e+00,1.867520848489561569e+00,1.701642702902344428e+00,1.580722263176619347e+00,1.399919536134477172e+00,1.428465491791495845e+00,1.256399215884212772e+00,1.179083917522758984e+00,9.515543075478533064e-01,1.013413015760678437e+00,7.758559679686333199e-01
-1.593080903729012565e+00,-1.215138759154198445e+00,-1.123445559787372705e+00,-9.198350554033403181e-01,-6.959587462830746363e-01,-2.497039347081508043e-01,3.212319335314100383e-02,3.160038141214530083e-01,4.189232089751739330e-01,5.473449379305624918e-01,5.855658260815951310e-01,7.453273538144851162e-01,7.729662149785867520e-01,1.057933151770634517e+00,1.109786414206127114e+00,1.267885578267920810e+00,1.233471952118014858e+00,1.422491198050698458e+00,1.516779046170517065e+00,1.619623006727309189e+00,1.648362292813648766e+00,1.676886254327317305e+00,1.700576460915160570e+00,1.812475122632623448e+00,1.915789294935401843e+00,1.872160605101799824e+00,1.936610564928008760e+00,1.716935571543488637e+00,1.851328089212294969e+00,1.893746844694379483e+00,1.796165836403023741e+00,1.618776318281809568e+00,1.611675520691029151e+00,1.512307204146405626e+00,1.469469463530651554e+00,1.254785082712352784e+00,1.320585352607306140e+00,1.177208698395820097e+00,1.115291015810620845e+00,9.194863562969759485e-01,9.345002536840134599e-01,6.685476165284947037e-01
-1.563404813851740904e+00,-1.243908633706335198e+00,-1.163342451347818107e+00,-8.674191308939588341e-01,-6.517334565552762582e-01,-2.660253914951571930e-01,-2.948999134296753644e-02,2.425313254596406509e-01,3.217117678743647846e-01,4.619146691581121900e-01,5.000149293559321695e-01,6.502208199507818476e-01,6.073209274616967468e-01,7.985507328283631967e-01,7.821326819548294340e-01,9.925531697541810638e-01,1.063400679181993436e+00,1.297022602875911090e+00,1.328911173349523134e+00,1.432004408859368638e+00,1.499134760522857102e+00,1.487261897329843929e+00,1.575518606195716487e+00,1.695908181451300623e+00,1.749374662120889434e+00,1.620073885321232865e+00,1.607931353276207176e+00,1.590927786362719143e+00,1.730319252286463660e+00,1.575477553218706195e+00,1.478464385738273990e+00,1.333462517561919913e+00,1.292177687073437831e+00,1.223761402191289038e+00,1.320400563010754036e+00,1.115500923289137747e+00,1.190414665808722905e+00,1.042766341310245037e+00,1.041363530709343621e+00,8.604877786627389558e-01,8.394420914657294563e-01,6.694340827679164940e-01
-1.622204377103288353e+00,-1.244734342650635650e+00,-1.084322179568517175e+00,-7.138909011843319607e-01,-5.579478409626587032e-01,-2.077533375210644517e-01,-9.647565595015487883e-02,1.492730940474823187e-01,2.987781511139673829e-01,4.777938327814548192e-01,4.539764891594877949e-01,5.877948541162627549e-01,4.855003791440650751e-01,5.533925259199734548e-01,5.569650821114745520e-01,7.482922292614598847e-01,8.534302762036503065e-01,1.098147726390252377e+00,1.046963106439004365e+00,1.141111781505182332e+00,1.341806659984739802e+00,1.407689698013784962e+00,1.404266000437268236e+00,1.465426562297291735e+00,1.610879661559196041e+00,1.557919351243903350e+00,1.596000677573893300e+00,1.527880164482305236e+00,1.500505971787206905e+00,1.345286133684859609e+00,1.094872919311769444e+00,8.178737825760935554e-01,8.021548953345366550e-01,7.393912900932599896e-01,9.449681770561807470e-01,7.748458223233127828e-01,8.753551443328394521e-01,8.314602011648029034e-01,9.536076006509663916e-01,7.814516143400720427e-01,7.274016817392396916e-01,5.436010528272909870e-01
-1.627745754489562602e+00,-1.191216319378769484e+00,-9.708711043213882341e-01,-5.956463303535604048e-01,-5.463949197889295117e-01,-2.181814587990099363e-01,-1.154715911393279920e-01,1.137833961893982143e-01,2.367763016007904120e-01,4.344607711277570505e-01,3.815913558234258485e-01,4.911868777229633221e-01,4.608675005366760780e-01,4.919396026966620927e-01,5.075845223032970921e-01,6.167593095984574836e-01,5.827240323648088527e-01,7.378350009648323438e-01,7.288955770571348136e-01,8.205732190305141671e-01,9.900313687943846919e-01,1.125983393134265986e+00,1.165186398470746898e+00,1.236349127668840087e+00,1.363171580283697004e+00,1.273863749300943482e+00,1.353955458505955223e+00,1.290572191975117633e+00,1.222735292322337575e+00,1.137282736043514486e+00,8.698546839483901616e-01,6.244336524198146332e-01,6.216005501138416323e-01,4.670826503328018853e-01,6.294787053541905930e-01,4.639765480970426403e-01,5.808028256600291650e-01,5.303827464969839145e-01,6.105559228655842441e-01,5.392422746611696960e-01,6.025177343596404000e-01,4.273400343910493948e-01
-1.667357717846299936e+00,-1.129679405840315898e+00,-9.054711583945131981e-01,-5.601010271204465152e-01,-5.332334101205149501e-01,-2.200839910094694318e-01,-8.647389415542734714e-02,7.104537886022112281e-02,1.227522498725430872e-01,4.086646060873045383e-01,4.009729525630268410e-01,4.160937213460702555e-01,4.542856901758469679e-01,5.361268207578800959e-01,5.789216509683069445e-01,6.845998302849558570e-01,5.795630271308949144e-01,5.756419627464770539e-01,5.024947455160533316e-01,5.553929446385794666e-01,6.130211832620424683e-01,7.864313449969289049e-01,9.773233973790307338e-01,1.005611261865511974e+00,1.062919958907272422e+00,1.057542361946457898e+00,1.177079866623823357e+00,1.166169759846478637e+00,1.036867874197424655e+00,8.052390211888109661e-01,6.390850117853215107e-01,4.969500802102528314e-01,4.095524759919419999e-01,1.495798778309873900e-01,2.066039313307770631e-01,1.558890725057483495e-01,3.295285377431442786e-01,2.183230877530339675e-01,2.606396858879780343e-01,2.574975572057799922e-01,3.310598167633082567e-01,1.563508189886760047e-01
-1.707277049121452395e+00,-1.162966441079731128e+00,-9.273380340526627963e-01,-5.943076758618059952e-01,-4.295303111291005060e-01,-1.678512805599383928e-01,-1.416079237791291745e-01,4.245237366572648247e-02,1.507367913558075867e-01,4.123320459511179426e-01,3.792151412369622610e-01,3.524235685346779334e-01,4.294061021937991551e-01,5.697839101728643385e-01,5.564981422583811232e-01,6.065320951120274362e-01,5.811909956479403006e-01,5.390733649619543488e-01,4.031064347169343587e-01,4.727785265536375570e-01,5.051244039619570136e-01,5.946785234466527292e-01,7.444618795332680339e-01,7.922664389453274447e-01,8.737057141436450625e-01,9.116768957438883270e-01,9.897853021590351519e-01,9.471409772755451373e-01,8.402656175774854130e-01,6.181116939550534983e-01,4.696173937886063965e-01,1.986568290297034689e-01,1.007922723675056115e-01,-4.573034448815031794e-02,-1.305516051512512106e-02,-2.173209616766462113e-02,4.686785139343829093e-02,-6.269367972348201257e-02,6.527991813369880825e-02,6.852933092938560955e-02,1.247033183852652993e-01,2.352161906865642485e-02
