-1.434752561949887095e+00,-1.594747783918526007e+00,-1.424394009764885061e+00,-1.322886827590191272e+00,-1.320025590813861616e+00,-1.286338245100083322e+00,-1.324490253427064612e+00,-1.208627764962747042e+00,-1.072237246520713061e+00,-1.048520117285293374e+00,-9.907814367568122949e-01,-9.287893754098980326e-01,-8.318541128415248842e-01,-7.369002801733455232e-01,-7.129847192781053611e-01,-6.614751243307721573e-01,-5.923462312290438403e-01,-5.635366354271553746e-01,-5.394036205485658320e-01,-5.132753677544331650e-01,-5.378235778364776065e-01,-5.361774749883079227e-01,-4.635449372304701887e-01,-4.587815857654448104e-01,-4.308704209896736526e-01,-3.181918446561608493e-01,-2.614465744201024400e-01,-2.015894477191938483e-01,-1.762732796088307685e-01,-2.093875885475577903e-01,-1.741489573310759376e-01,-1.641100821075900107e-01,-1.751888047250900471e-01,-1.563942293144979789e-01,-1.767178902622696668e-01,-1.881905485091435182e-01,-2.633078323229415818e-01,-4.318130670713699604e-01,-5.197105437266943406e-01,-5.123761538837050544e-01,-4.974114227261881016e-01,-5.681402553474232953e-01,-7.815911378543549670e-01,-9.834565665926811029e-01,-1.058863692758506225e+00,-1.160208919552398132e+00,-1.267073256666532366e+00,-1.327923611887864341e+00,-1.623845879818682780e+00,-1.924352365409545795e+00,-2.086856454037006259e+00
-1.397089789356509737e+00,-1.502363677945894649e+00,-1.327941766021428327e+00,-1.275226307189392116e+00,-1.237228706003432155e+00,-1.165433273813810677e+00,-1.227468410364534135e+00,-1.117750614029508593e+00,-9.773956089454725049e-01,-9.866543782072845215e-01,-9.578009157621317771e-01,-8.739881186840471328e-01,-7.934692691123493846e-01,-7.713711849617127525e-01,-7.224485375321730851e-01,-5.958308750737369985e-01,-5.203195220854800462e-01,-4.898312863791480232e-01,-4.449682163999172380e-01,-3.922838141364495823e-01,-4.199300741575764939e-01,-4.539405165766114414e-01,-3.536062375593258533e-01,-3.371832886698074572e-01,-4.042409523619671652e-01,-3.830215559257665880e-01,-3.397817420940146826e-01,-2.030388126601422316e-01,-1.026181429608698376e-01,-1.807124922733361339e-01,-2.317386172439953596e-01,-2.548270640401910092e-01,-2.596466235174155757e-01,-2.413234042465229046e-01,-2.622912392094592926e-01,-2.081781570165041617e-01,-1.969765758464103733e-01,-3.122475929341385625e-01,-3.645205757870685903e-01,-4.024677836730308211e-01,-4.632569729058504948e-01,-4.757716255294148211e-01,-5.621177173745788291e-01,-7.446024045706995942e-01,-8.871232791555204722e-01,-1.030063423185317628e+00,-1.141045264434501716e+00,-1.182746054856199658e+00,-1.437421791320062425e+00,-1.685570304886693238e+00,-1.768084801479265833e+00
-1.354151508458963038e+00,-1.382677377398967344e+00,-1.191482285718668654e+00,-1.119610572442319096e+00,-1.029451402454927722e+00,-9.239899835307591180e-01,-9.698209724066348958e-01,-9.235114412638525394e-01,-8.445655929448985244e-01,-7.933909846705274882e-01,-7.249560847897325022e-01,-6.463863379214593863e-01,-5.415626675882567742e-01,-5.317021325264703613e-01,-5.009395439341030043e-01,-3.996220748652650756e-01,-3.705715749103519752e-01,-3.208517911236619113e-01,-2.857004200829850182e-01,-2.901904509846277014e-01,-2.716527881541125899e-01,-2.267746737404905122e-01,-1.092210002006437919e-01,-1.035205845034508215e-01,-1.931575318671278629e-01,-1.643950977071805541e-01,-8.895917656986405964e-02,2.423251496751767028e-02,6.180866084850450415e-02,-3.340670112702857908e-02,-8.662784036215327721e-02,-1.554911560824198125e-01,-1.837393342370768623e-01,-1.394667873019709015e-01,-1.404965178425882644e-01,-9.361593691369898829e-02,-1.165998096091690750e-01,-2.378531250498967797e-01,-2.355622732563603661e-01,-2.586329862380797318e-01,-4.071320608700055299e-01,-4.828032169129103934e-01,-4.975509213418820575e-01,-6.071884485361535022e-01,-7.351790900839555443e-01,-8.142080800889405223e-01,-9.135306056240469763e-01,-1.003775468409271010e+00,-1.213416692844828892e+00,-1.492723904682403901e+00,-1.703411785837834813e+00
-1.235039039331683686e+00,-1.272733503196999960e+00,-1.095603612231270674e+00,-9.923472877787433699e-01,-9.284718814636065964e-01,-8.467963843722331463e-01,-7.990399534483446642e-01,-7.347318492470505946e-01,-7.020912548342645998e-01,-5.814705978483860616e-01,-5.189729243107371603e-01,-5.713679067066516071e-01,-4.817916985027945742e-01,-3.825789389997767964e-01,-2.744961147714937155e-01,-1.537924844976477912e-01,-1.550527073878658346e-01,-1.179675356823624288e-01,-1.299473888050524384e-01,-2.010232427798146759e-01,-1.492067125239421033e-01,-7.219216822656712718e-02,4.894702406408655768e-03,1.256626174295788663e-02,-3.322428953328476764e-02,1.874443304485688688e-02,7.792080732764661288e-02,1.149258348416669906e-01,1.162642569890549593e-01,1.177476309314930691e-01,1.532192952091777083e-01,5.556891756280784439e-02,-2.678747510733526724e-02,3.080469328446448166e-03,-3.265449177806791989e-03,1.067473043506633919e-02,-3.510725059368375450e-02,-1.373373022946225430e-01,-1.403766523185643045e-01,-1.691237521973807945e-01,-3.110226097129100697e-01,-4.423768602633629810e-01,-4.559375973230590517e-01,-4.673474177027711618e-01,-5.453115650650012247e-01,-6.174393758013807521e-01,-7.675683768860963596e-01,-9.214429877240968292e-01,-1.069738540042662667e+00,-1.317570622627011412e+00,-1.577506282947125582e+00
-1.121678049246090048e+00,-1.122928565174647231e+00,-9.523128383130299301e-01,-8.610187950479797347e-01,-8.570098547300462055e-01,-8.318834438330386938e-01,-7.434459044550230100e-01,-6.272757294602264722e-01,-5.942175251291033078e-01,-4.575993751258112807e-01,-4.008698334669741903e-01,-4.986498854012355597e-01,-4.065397525696254899e-01,-2.911264844767092463e-01,-1.918797731286990826e-01,-4.931984420511652950e-02,-3.547725136568687793e-02,-3.990938378909426182e-02,-7.518451326334348039e-02,-9.921040102055146692e-02,-1.422803663464659515e-02,1.007704564567437136e-02,3.936727916148895917e-02,8.291451257943430186e-02,6.649820842063032533e-02,9.042773553587400703e-02,1.279881381879943714e-01,1.577470483310871308e-01,1.534308357987166915e-01,1.611202345089521037e-01,2.028312248517788463e-01,1.293853233423040150e-01,7.689518621855995217e-02,1.037885585579136904e-01,7.404060724999481091e-02,4.475062509849133535e-02,1.368183485743398875e-02,-3.523492250176004943e-03,-3.460161385883667173e-02,-1.118593309754060683e-01,-1.555964145840776913e-01,-2.427858430001995915e-01,-2.883060770197113931e-01,-2.570611743177307895e-01,-3.318230048407589949e-01,-4.857106074564115361e-01,-7.032745378256566315e-01,-8.838516303743276792e-01,-1.015180551435455270e+00,-1.227909841398613144e+00,-1.453763608015367970e+00
-1.023867190804280236e+00,-1.024101896588404781e+00,-8.722946039155048403e-01,-7.660295077614138748e-01,-6.997262661534068284e-01,-6.862679783779804810e-01,-6.913062071177552559e-01,-5.856781128987725848e-01,-5.245740267672015511e-01,-4.281993008560525116e-01,-3.695643013024580981e-01,-3.783446579058412085e-01,-2.325544219120005140e-01,-1.782306107134062068e-01,-1.818854665154382988e-01,-3.796344161089000580e-02,2.548787631362175315e-02,-2.041486322331613479e-02,-8.141368160662798559e-02,-4.831374273903393107e-02,5.304206108403353853e-02,5.971921167987234019e-02,1.078798660941169968e-01,1.768297027469901417e-01,1.639438319519925802e-01,1.750105299720993157e-01,2.106494370909939573e-01,2.546136010349878132e-01,2.312545620875434971e-01,1.696647305040027420e-01,1.635533543558581049e-01,1.251106557447549672e-01,1.188416798630857474e-01,1.501035101831420249e-01,1.320291814698613675e-01,8.979348805657692834e-02,3.894141620615265698e-02,7.063991615983097883e-02,4.913886389227473117e-02,-5.538417625222291640e-02,-2.858207941092651833e-02,-6.045043526803663136e-02,-1.428966188650869495e-01,-1.251429193160216724e-01,-1.942993024663524082e-01,-3.626083610986075012e-01,-5.883815928809250639e-01,-7.986934221256070110e-01,-9.650986390786502334e-01,-1.143576866331815323e+00,-1.333300757684751314e+00
-9.717985453155334463e-01,-1.031995485695912818e+00,-9.232794428515334051e-01,-8.267433833210464655e-01,-6.802931809917336370e-01,-6.028770175621928074e-01,-6.325422357226112569e-01,-5.285257906062873490e-01,-4.721006341135369766e-01,-4.437119403373592230e-01,-3.885045144713642484e-01,-3.465400377484011973e-01,-2.165911028171680630e-01,-1.935461750493782662e-01,-1.852051765342902223e-01,-1.445555895943401994e-03,9.386491425868050131e-02,5.087836198074899979e-02,1.034247640173750066e-02,4.715768051079412271e-02,1.114880806546186820e-01,1.387129700878034777e-01,2.144873460794753106e-01,2.557758930236184725e-01,2.467196827882393861e-01,2.473011503068299199e-01,2.060641345959125514e-01,2.259810476130097445e-01,2.735653247426589330e-01,2.813566817930746033e-01,2.705160102580497217e-01,1.779103964971901486e-01,1.159995488224568327e-01,1.100433591660570504e-01,1.170922276128791711e-01,1.452777786611813837e-01,1.158995814062202950e-01,1.307071865234266106e-01,1.161406247835441302e-01,1.680880048137206595e-02,3.522593768154654026e-02,1.306714204509086888e-02,-6.811479868388899128e-02,-8.580423286570934560e-02,-1.787989559268111373e-01,-3.160657245098303370e-01,-5.054379303648988131e-01,-7.502956017303503700e-01,-9.532453959665013743e-01,-1.051395163812221867e+00,-1.139722276260864975e+00
-1.024149525874033628e+00,-1.002490219174614117e+00,-8.753301979941294775e-01,-8.653818005682700765e-01,-7.916215591933730700e-01,-6.786700922470046971e-01,-6.080545385742076592e-01,-4.650239954257637809e-01,-4.473736010886539827e-01,-4.345418139843340577e-01,-3.248871103316531284e-01,-2.729370546937031627e-01,-2.303138977076088223e-01,-2.291707550065826549e-01,-1.498598673341224319e-01,4.340922552329955220e-02,1.059857729225141404e-01,1.107729307007012387e-01,1.555035956396288999e-01,1.861650419868400019e-01,2.065637210503865617e-01,2.574196136733558071e-01,3.326737944255678259e-01,3.380490135747803992e-01,3.541764667749034978e-01,3.445221645046233072e-01,2.050221329570325046e-01,1.740378127411526255e-01,2.787519745319109177e-01,3.793592199614167493e-01,3.878690546251575832e-01,2.492338322276822504e-01,1.857429861306151841e-01,1.875175302824671486e-01,1.622808921896537748e-01,2.176911764742101019e-01,2.304325985077702865e-01,1.950689671653269008e-01,1.589169381226282762e-01,1.020046145777511737e-01,1.108785326800496712e-01,7.838194145417737291e-02,1.501111725662160855e-02,-5.064520917188544691e-02,-2.248818170977540942e-01,-3.733784559824201432e-01,-4.951423369003900010e-01,-6.855707906766814741e-01,-9.096825970905044745e-01,-1.033502393631094529e+00,-1.072978627841072452e+00
-1.078573171275125420e+00,-9.371468114664917026e-01,-7.618636559132578867e-01,-7.991571759506346240e-01,-8.176255792472487682e-01,-7.472247967510494693e-01,-6.479709117594836254e-01,-4.992723428988075085e-01,-4.674841112834776102e-01,-4.150050430457053463e-01,-2.920118308391576045e-01,-2.410557432953226997e-01,-2.129761492171386716e-01,-2.003273040675656314e-01,-8.417948682572946872e-02,7.877070329631608026e-02,9.824727316747031147e-02,1.251592502180446653e-01,1.777110541474911931e-01,1.845541775080078994e-01,2.337552382629549397e-01,3.377543238381083834e-01,4.009108539182523745e-01,3.645750132524561704e-01,3.714083202223220082e-01,3.698381941769171566e-01,2.381687029329584149e-01,1.899032374243603272e-01,2.583226883980831445e-01,3.575071815434652800e-01,3.780541161508474413e-01,2.415504470371278023e-01,2.260338733238068942e-01,2.731753043735792863e-01,1.960211082625483991e-01,1.935550738825040085e-01,2.101184791580571476e-01,1.691581511646524649e-01,1.501492783409573151e-01,1.392809907878423403e-01,1.449552015050139531e-01,1.119776613371329665e-01,6.425460718899357604e-02,-2.054116343669533037e-02,-2.080065312935623634e-01,-3.537809437624517273e-01,-4.403537684038482669e-01,-5.348541144011821347e-01,-7.119924019741639132e-01,-9.115272756654936304e-01,-9.984118009100275692e-01
-1.089171569720793542e+00,-9.175858119683708569e-01,-7.268407237698286671e-01,-7.432584891324410803e-01,-7.599818992114723004e-01,-7.202786486185948078e-01,-6.881219329750566382e-01,-5.905207100872430503e-01,-4.939690473772299084e-01,-4.010426906648226764e-01,-3.440730006572630395e-01,-2.869045144715570705e-01,-1.824303199969187217e-01,-1.359440594971553784e-01,-3.830254020542867011e-02,6.661084855310878128e-02,5.308813313170858417e-02,6.464720080200561658e-02,5.974051295647115484e-02,5.093956146120293127e-02,1.635719515678241698e-01,3.119018724996756586e-01,3.795874607151761837e-01,3.304686678349755269e-01,3.082872328871244516e-01,3.186723701933491526e-01,2.427663370755019923e-01,2.203264038124835289e-01,2.825934438105477398e-01,3.653084450318894727e-01,3.708145889979231336e-01,2.274073867656716263e-01,1.915683839710604630e-01,2.374242106575943090e-01,1.823519312597363939e-01,1.703259697518101912e-01,1.850417155257004787e-01,1.977807742543191416e-01,2.301274077983182786e-01,1.847538769730160957e-01,1.219071993546374244e-01,1.060046825445826874e-01,8.300774463094375000e-02,-1.828906479593034665e-02,-1.491542122913225576e-01,-2.491391036640706325e-01,-3.922850829557150143e-01,-4.856086803084551651e-01,-5.609085995173778150e-01,-7.294181335216737283e-01,-8.809928294676862004e-01
-1.014798388021463493e+00,-8.784444437702908504e-01,-7.064434746456943470e-01,-7.164591724122868488e-01,-7.136590830051054990e-01,-6.334686295989243598e-01,-6.157222842499514570e-01,-5.731326997463889183e-01,-4.542542273748569337e-01,-3.415916251323114494e-01,-3.187001382120189796e-01,-2.524674815968072084e-01,-1.337301758234414606e-01,-1.186827246400554009e-01,-6.617992714261579368e-02,-2.309345163900808264e-03,-2.602838199995221452e-02,-9.935764251092750465e-03,-1.838333351572087743e-02,-2.983179093332720411e-02,5.206083829645625355e-02,1.751920625989102365e-01,2.927836453915592663e-01,2.947762890028500227e-01,2.603037662031986166e-01,2.609868648680399028e-01,1.958600215174512993e-01,2.042788832963814138e-01,3.117949309980151962e-01,3.642767236750958371e-01,3.382884241023110805e-01,2.596819785696757865e-01,2.346471347588433565e-01,2.462824955546196737e-01,2.397197957838220206e-01,2.569586510433989335e-01,2.436828026394081692e-01,2.648988171733138719e-01,3.241851819108045873e-01,2.459808868664656589e-01,1.232234731497455910e-01,1.196379513126813038e-01,1.113875747103139774e-01,-2.304050839713616197e-02,-1.113272099167573054e-01,-1.613142010258977743e-01,-3.689388298579092118e-01,-5.106396715616153825e-01,-5.262535595762742879e-01,-6.258517043947994241e-01,-7.992127092386166476e-01
-8.339015557534183998e-01,-8.024130854371399613e-01,-6.612923777451273910e-01,-6.401197873760059442e-01,-6.163914823330363113e-01,-4.968538799979888010e-01,-4.518296001922699201e-01,-4.361618095346300739e-01,-3.369831725528684152e-01,-2.064052954873778212e-01,-1.691543148413945929e-01,-1.403554323009472693e-01,-9.652646866476498333e-02,-1.224845467970129276e-01,-6.288884615150794333e-02,3.418552740688429736e-02,4.178514694812883457e-02,7.197838523705855918e-02,9.033309738450179260e-02,6.779124498131142151e-02,6.092850744795533929e-02,1.369234618625612132e-01,2.871894614541882218e-01,2.910647376432445310e-01,2.088612954224932372e-01,1.843308865177132327e-01,1.310644040284987821e-01,1.761112027124002721e-01,3.078645459631411119e-01,3.215073701527214611e-01,3.024861614687648914e-01,3.302980446016995364e-01,3.361151200683188400e-01,3.065632922836126761e-01,3.036666652442544523e-01,3.177494558444838302e-01,2.776864948264108901e-01,2.687737521844373312e-01,3.204799095787870256e-01,2.896647001131104071e-01,1.804933552940827801e-01,1.389971505624070514e-01,1.216213781115352693e-01,1.342865419140907256e-02,-2.678738029096634776e-02,-5.990156120614075624e-02,-2.982523172729293903e-01,-4.640973528635377043e-01,-4.957056761051716332e-01,-5.661723869732587788e-01,-6.712328244149047274e-01
-6.759528847520183126e-01,-6.986897094300137390e-01,-5.618972813436056146e-01,-4.831793899354695498e-01,-4.447420986330697379e-01,-3.506430817006821465e-01,-3.152167350742573482e-01,-3.281940088915763498e-01,-2.738341344947171074e-01,-1.175894372501187918e-01,-1.866703667020308197e-02,8.139483792156199451e-03,4.316289550603868985e-02,4.308866611917631234e-02,9.279400679941764152e-02,1.645413483566635915e-01,1.653252490789760831e-01,1.992486408394856523e-01,2.501194347708989296e-01,2.411044943438347410e-01,2.107984313567391188e-01,2.607677713314525692e-01,3.573824192830785118e-01,3.179701249914691497e-01,2.512532031473478922e-01,2.668282178698650475e-01,2.513672154591692354e-01,2.863853179311477426e-01,3.600861991874930723e-01,3.533542446003668513e-01,3.631921898286079031e-01,3.987725814807667746e-01,3.897109688703441766e-01,3.800653724865943328e-01,3.871012401677959014e-01,3.768124675601311480e-01,3.619262454879854651e-01,3.590808387332776186e-01,3.492453855861770151e-01,3.163385040944561855e-01,2.199462008754038134e-01,1.348354809952867495e-01,1.253845300457645251e-01,7.576397786442291837e-02,4.466291303243821037e-02,-2.320215699032056322e-02,-2.702756017043421721e-01,-4.283598026722661989e-01,-4.873790086743755579e-01,-5.522429410846949605e-01,-5.903127416656234194e-01
-6.393497573306803350e-01,-6.340425816975708839e-01,-5.030006951728603903e-01,-4.296343301998168385e-01,-4.034680901281132992e-01,-3.233655528277938340e-01,-2.542653476420720371e-01,-2.521326800581087380e-01,-2.442341026239400747e-01,-9.948357703748210434e-02,3.087330645054114572e-02,6.722904935443299590e-02,1.351202557159250639e-01,1.923486462001505748e-01,2.320532427092107108e-01,2.481884520943716810e-01,2.317121364633923930e-01,2.962207451625603616e-01,3.726704137710674103e-01,3.570053947592641830e-01,3.396800199025629685e-01,3.882698612848902719e-01,4.268616193946515591e-01,4.087605165475750590e-01,4.463574707209156944e-01,5.135525158302194360e-01,4.957397458074379593e-01,4.668144662983027549e-01,4.548997122743559385e-01,4.419088192049718811e-01,4.413195743367985813e-01,4.157638928699418646e-01,4.111518236164923845e-01,4.632392884875977113e-01,4.804422319915191419e-01,4.453955332366411057e-01,4.571742424578172925e-01,4.782445363556081519e-01,4.121762987222515884e-01,3.352181082385291555e-01,2.522029443782636271e-01,1.780509471155684031e-01,1.893924857564719955e-01,1.429266436825426811e-01,4.558309499072877441e-02,-6.031708076289750420e-02,-2.571606331258207701e-01,-3.765530661391234823e-01,-4.502613049873638307e-01,-5.332879175500968572e-01,-5.689977955005732779e-01
-7.452473134151013090e-01,-6.931463646479179008e-01,-5.689157057698162046e-01,-5.074683072157541996e-01,-4.730752814645779458e-01,-3.905184312836458838e-01,-2.710939669915595762e-01,-1.890812570043412799e-01,-1.456075785103486397e-01,-3.233011233504162057e-02,3.008440562398300572e-02,1.501325025930474490e-02,7.671379976613354468e-02,1.820979667672966706e-01,2.923616391348376475e-01,3.469770178166453056e-01,3.467109480142260280e-01,4.201947253604495502e-01,4.661403139349245550e-01,4.097514365350611310e-01,4.102265184441082901e-01,5.033172596169834812e-01,5.761221136019430977e-01,6.014813164284615876e-01,6.312734199972077631e-01,6.326593360293258916e-01,5.852572491445356961e-01,5.428317543176487403e-01,5.270008070683750434e-01,5.411231864680463577e-01,5.250560201171394770e-01,4.919876254081546052e-01,5.278423823195891318e-01,5.569018139622803343e-01,5.334653684924041128e-01,5.067085486440532360e-01,5.098772034369482009e-01,5.238880344595683303e-01,4.746367009284384597e-01,4.291496038299377203e-01,3.958252133923361171e-01,3.216109884557812881e-01,3.004194789607047000e-01,2.480959743394170192e-01,1.149521929719794083e-01,-1.274697725568083723e-02,-1.583426280439868827e-01,-2.513004062061634514e-01,-3.537390506157881975e-01,-4.919710566577800148e-01,-5.534255938654927265e-01
-7.996754140398851796e-01,-6.732236798365953678e-01,-5.536112266750446986e-01,-4.671063935740853434e-01,-4.059777906828248017e-01,-3.680325318612905905e-01,-2.998175655189247446e-01,-2.112044206972141513e-01,-1.247784631257803645e-01,-3.078342473256844361e-02,-1.852909622119882152e-02,-4.181751984828099324e-03,1.019041605679919943e-01,2.130910861001568679e-01,3.329723630319559313e-01,3.951160728389859766e-01,3.838127976243048134e-01,4.127097538165335755e-01,4.243740575656870240e-01,4.028242793765056673e-01,4.280031341895333408e-01,5.124654928370150353e-01,6.277096312241845499e-01,6.833725995953472410e-01,6.509209064227383656e-01,6.091147744568906619e-01,6.075683539939119582e-01,5.990970058863589465e-01,5.778931121663433146e-01,5.993830499834057468e-01,6.005356915806563389e-01,6.257534410262679536e-01,7.193420693582757153e-01,7.063857616215238888e-01,6.425651875044252614e-01,6.259598135889462567e-01,5.891041776739214253e-01,5.640683055618256336e-01,5.205155599330701932e-01,4.986291325215341241e-01,5.138312861331464365e-01,4.284386508945022820e-01,3.627195464140897108e-01,3.521474764258629153e-01,2.506508038288288720e-01,9.671944495910768380e-02,-4.849759874594736231e-02,-1.257858777026588382e-01,-2.222201888773873701e-01,-4.064202278169603000e-01,-5.336798805640774468e-01
-6.856355738550965473e-01,-5.558286100481613090e-01,-4.654073153708301880e-01,-3.618087311940625939e-01,-3.024345585206822395e-01,-2.887819731096522013e-01,-2.528764647394703968e-01,-2.158956486960724452e-01,-1.631300390859255767e-01,-1.076745045699432080e-01,-1.134782159570624505e-01,-5.264100221662557089e-02,7.282204814681407512e-02,1.508080120095158239e-01,2.370396923145464130e-01,2.974523080651274021e-01,3.191162492078620239e-01,3.325893806345343595e-01,3.322212296191548453e-01,3.904327128752311804e-01,4.189804288730209492e-01,3.916225510157010925e-01,4.565663692479755009e-01,5.312360315005945077e-01,5.360377707986165863e-01,5.726101808975904151e-01,6.673671609446186759e-01,6.968374817237510399e-01,6.369740329487894037e-01,6.397393249985329211e-01,6.712278882899530563e-01,7.038963247846897753e-01,8.006083956519122191e-01,8.151732620456064726e-01,7.543772526140635204e-01,7.028386170022510315e-01,6.424656524525356183e-01,6.277736469826480370e-01,5.748981292490860096e-01,5.316222561802047553e-01,5.759902156629476133e-01,5.184253446724672587e-01,4.512105503903294235e-01,4.540188624706314457e-01,3.642164920516014481e-01,2.236207658419987199e-01,8.057973366834604578e-02,-2.396804182079087520e-02,-1.074681484142897964e-01,-2.761481169830809490e-01,-4.465496493707913905e-01
-6.070037233650299457e-01,-5.485967635456834302e-01,-4.414064705549293754e-01,-3.068972249242859496e-01,-2.753818379138143202e-01,-2.572007293629313684e-01,-1.843201674408130319e-01,-1.343933601673246991e-01,-9.145476375427880056e-02,-7.704296615057235065e-02,-1.252172841671168046e-01,-1.197210923221067036e-01,-7.806237536607980865e-02,-1.428230804370446416e-02,1.183896741786889945e-01,2.269447926605968335e-01,3.129400958864528293e-01,3.243343167113931225e-01,2.639632408526311202e-01,3.345339372269707234e-01,4.084430161916304813e-01,3.792894777802350292e-01,4.035017806727492773e-01,4.553951239148634200e-01,5.032028555196403907e-01,5.699799757565879865e-01,6.617479146463138839e-01,7.215805502661560844e-01,6.798015711652231063e-01,7.071206991240779338e-01,7.870862281752473155e-01,7.666893694775751555e-01,7.747738395754392160e-01,8.048237221322344093e-01,7.719285858530506861e-01,7.141130443643740611e-01,6.808691315730776017e-01,7.084353078547570570e-01,6.895286467625216797e-01,6.769090545689672167e-01,7.331321459862519818e-01,6.920264054585938407e-01,6.372742267390846260e-01,5.834772682061319937e-01,4.427696913447664029e-01,3.518888186355174086e-01,2.210810171430884763e-01,2.167606509935015094e-02,-8.849908966048555814e-02,-1.843084114503094617e-01,-3.239452387372953046e-01
-5.030205749877676435e-01,-4.681020045412021546e-01,-3.577206563454776167e-01,-2.308888022016135078e-01,-1.940280089468921498e-01,-1.594020098987653788e-01,-9.763218800007035514e-02,-2.872788212884062886e-02,2.181148142753173633e-02,-1.868279040216064280e-02,-6.786874667679153317e-02,-2.419739835341649936e-02,2.835474850377878078e-03,5.494309448597659018e-02,1.796759291048925233e-01,2.529649856589978874e-01,3.264188617993268315e-01,3.315195354451813126e-01,2.237834281897312649e-01,2.529353078320920600e-01,3.857822098713457049e-01,4.853008843900524227e-01,5.558744970982983924e-01,5.883227190834102727e-01,6.443966431558723063e-01,6.705079441068838575e-01,6.835463434225796941e-01,7.367283768686270218e-01,7.069082915158024782e-01,7.306798647071072184e-01,8.375755671703554173e-01,8.190109646044344549e-01,7.742781831060973063e-01,7.689530129602332176e-01,7.645013721300055742e-01,7.797106774718565170e-01,7.807990277331855467e-01,7.817933477912599738e-01,7.723212275967047402e-01,7.909975743526606040e-01,8.257364090287787617e-01,7.901574706800295056e-01,7.747009917995131278e-01,6.826176774799886937e-01,4.855753757708149432e-01,4.076507344355138618e-01,2.862985796933103511e-01,5.892961413918279545e-02,-4.543868839482996524e-02,-8.878740418836997272e-02,-2.325532857684255161e-01
-3.316501400716754255e-01,-2.915784187527353799e-01,-2.490869080679047332e-01,-1.922423851594119437e-01,-1.066454260475730303e-01,-1.928184133284175858e-02,5.178235908055391079e-03,6.061054268846319953e-02,9.342466792088598149e-02,9.734272246926455388e-03,2.034687891264509718e-02,1.798031533990834263e-01,2.436125963751890611e-01,2.496106065203784474e-01,3.016417970120042757e-01,3.201945844144709619e-01,3.660143278730735861e-01,3.991517999930395688e-01,3.515822768546467691e-01,3.664112871104656666e-01,4.514849854655261230e-01,5.585610125058381170e-01,6.457091881983608728e-01,6.799480896570961885e-01,7.289192259348784564e-01,7.384464064428228891e-01,7.554140670372355704e-01,8.248277848788381217e-01,7.921446567653569470e-01,7.770838932410186750e-01,8.553865693829475481e-01,8.828875902627361105e-01,8.625945711437487118e-01,8.002361642276177855e-01,7.962784112660239444e-01,8.859253229974910493e-01,9.188435676793968998e-01,9.221672579287207849e-01,9.122947977979894985e-01,8.759805407770697716e-01,8.486278438342278463e-01,8.246533571580573208e-01,8.385215903252584146e-01,7.581055640525449224e-01,5.727636538848683845e-01,4.726950366032747208e-01,3.503706483981721687e-01,1.694310963496428735e-01,3.955535426374981456e-02,-7.347572019475764882e-02,-2.581384441480704117e-01
-3.598202992847107096e-01,-3.068054847842610622e-01,-2.074709049489868451e-01,-1.389357902490767904e-01,-5.597149318110809790e-02,1.766269816903871803e-02,2.382496077199926926e-02,8.432835315166821444e-02,1.386309561828671100e-01,1.269700463987428474e-01,2.005287357310271412e-01,3.143179981031719028e-01,3.192179500611718734e-01,3.212068134314834400e-01,3.843856747981396205e-01,4.078834317437604051e-01,4.077418827108857391e-01,4.221105181122131733e-01,4.704717381902938644e-01,5.564768523740765138e-01,5.990343213175127746e-01,6.256928775820932431e-01,6.751898608216945208e-01,7.078859974980480363e-01,7.148927819931649719e-01,7.034400816205461648e-01,7.787257590663874129e-01,8.927289688422823666e-01,8.928620474683568453e-01,8.961414305617231291e-01,9.509086755022430060e-01,9.993517137785266069e-01,9.987869203747603564e-01,8.914433790680090786e-01,8.556333791298190716e-01,9.142550789167269709e-01,9.418946177148005416e-01,1.033278705176162493e+00,1.069363425410729151e+00,9.638480512188640770e-01,8.888214583424167703e-01,8.584569820675818086e-01,8.426489057635574431e-01,7.842242700659818322e-01,6.554542939042832250e-01,5.212169518556724057e-01,3.675536152606683760e-01,2.116489033701105527e-01,2.084510116200347790e-02,-1.686487008372553886e-01,-3.117304963561100539e-01
-4.852678443238800932e-01,-4.315582725371079342e-01,-2.221460452609906044e-01,-7.773429992502912944e-02,-2.294761805052596484e-02,1.004206512582421322e-02,4.720640437663114336e-02,1.380692852471961940e-01,2.178488217356462087e-01,2.944288263207305856e-01,3.757510355477196584e-01,3.506551391552046315e-01,2.877365368345830010e-01,3.323071544663224186e-01,4.168914306670803982e-01,4.381289761746971489e-01,4.061332051989248182e-01,3.833268209822517925e-01,4.578869890697779277e-01,5.866992461300537531e-01,6.468311095761047902e-01,6.785781971221994668e-01,7.398203510430042540e-01,7.902583268174574460e-01,7.719682315051128452e-01,7.345306372018792773e-01,8.281013873795639579e-01,9.521144063548321324e-01,9.669807718966604293e-01,9.851171530773524809e-01,1.026832544153141846e+00,1.067989820756525932e+00,1.061008119710928232e+00,9.602926519947885264e-01,9.114020323118187106e-01,8.759884833529397730e-01,8.527265902273953868e-01,9.806338662416378416e-01,1.012820041540233307e+00,8.873153601953615022e-01,8.330440832853009958e-01,8.016535749974745828e-01,7.676595314330478814e-01,7.337727130525093511e-01,6.247075408297587673e-01,4.509337900985386227e-01,2.682572096613353163e-01,1.338564045197613572e-01,-2.452705936905303502e-02,-1.766971323787920323e-01,-2.765384981658192132e-01
-5.138210251418203756e-01,-4.941794050536281180e-01,-3.333237311114141677e-01,-1.655599075528511599e-01,-5.671039379422521814e-02,1.630819871130045895e-02,9.678750774382156863e-02,2.048941295232505344e-01,2.782862408422278611e-01,3.502684740804655195e-01,4.186961040625920560e-01,3.941111653217029831e-01,3.589640521547625696e-01,3.884426564490897626e-01,4.105503544382063663e-01,4.346079180749672921e-01,4.752030254792766195e-01,4.974442417931735361e-01,5.462940982598440964e-01,5.895149279369156226e-01,5.929408546307730621e-01,6.602529814461290947e-01,7.688349354053994889e-01,8.163921468810173554e-01,7.861186633836169113e-01,7.533884006646327514e-01,8.532605077758169676e-01,9.916830827563568596e-01,1.014739985593456240e+00,1.007511916009824260e+00,1.031499159941611454e+00,1.057010376541383190e+00,1.025797771356382171e+00,9.674540138365270714e-01,9.695454961782925540e-01,9.335537124531340103e-01,9.194560518035534979e-01,9.981147413298336879e-01,9.321750596145524925e-01,8.088753228091519754e-01,7.962330250018966327e-01,7.561986094119377277e-01,7.186442430720711982e-01,6.873184700013281745e-01,5.696911370542266928e-01,4.078281795320888858e-01,2.341487668671011213e-01,9.214580815903365696e-02,-4.271413718162089812e-02,-1.955574978417008725e-01,-3.555577767557389635e-01
-5.485142737251123002e-01,-5.015355650681567745e-01,-3.923711800919836845e-01,-2.109670865370031623e-01,-2.997256594050006634e-02,5.990770526086942188e-02,8.940979457678253917e-02,1.582108606051931265e-01,2.340967304749416167e-01,2.889490796374316606e-01,3.838077315604388473e-01,4.710848517557745252e-01,4.934788317097277277e-01,4.970201869250490123e-01,4.902129746665296883e-01,5.011704841652960818e-01,5.443430163655971210e-01,5.831185418195977688e-01,6.469773029143983667e-01,6.575020740929825580e-01,5.951593167640923943e-01,6.579054638895130980e-01,7.791554495459962482e-01,7.803566620320038227e-01,7.404512011639832192e-01,7.515630825371175661e-01,8.469077786110136286e-01,9.602010054744205547e-01,9.764474104431785095e-01,9.606738283513381882e-01,9.943793651112085019e-01,1.009933831354149047e+00,9.472900130197162705e-01,9.191986531705668151e-01,9.873641345153849613e-01,1.017166177393059368e+00,1.030683850973266535e+00,1.030519507349815678e+00,8.973561587630370928e-01,8.049951487663485894e-01,8.097585971972242058e-01,7.413635896919340551e-01,6.643203652889245747e-01,5.969677897786235254e-01,4.907582837733356351e-01,3.811711760866224319e-01,2.263219077135102952e-01,6.114148226293816130e-02,-8.588865506618474643e-02,-2.784941174351296400e-01,-4.792050092741246270e-01
-5.477448249468460650e-01,-4.417778284012732204e-01,-3.458593509101126617e-01,-1.750543738924363324e-01,1.187006975220948786e-02,1.023116360123901281e-01,1.078023113675041361e-01,1.467258461603261621e-01,2.276762413236354810e-01,2.726418151969504655e-01,3.604273607480828479e-01,4.628621920857218242e-01,4.765888513710066499e-01,5.234033060804546000e-01,5.908625417570624316e-01,5.715302375762508769e-01,5.302032290606805143e-01,5.292348998230483881e-01,6.134486460059580537e-01,6.719896845091348769e-01,6.206388713574934046e-01,6.663572066314330522e-01,7.708690505167434814e-01,7.573172550794341484e-01,7.605596487572851006e-01,8.417924976065473963e-01,9.126560149065231498e-01,9.433186092646155263e-01,9.358757478236792160e-01,9.456077946693809411e-01,9.773910842308829450e-01,9.535202192125857845e-01,8.740974173644173728e-01,8.604138307158113452e-01,9.485329457989143398e-01,9.993535245840267089e-01,9.774248089911191650e-01,9.316070205780492275e-01,8.486209505936658237e-01,7.965585392121078412e-01,7.835256314705765224e-01,7.088802663968118978e-01,5.843779683947060155e-01,4.592001858102908174e-01,3.595006963615902107e-01,2.738896193587991856e-01,1.392885281991649848e-01,1.485677371728230580e-03,-1.008326850755190407e-01,-2.675458897843345230e-01,-4.671129736164251200e-01
-4.840023481589819099e-01,-3.846739651806568849e-01,-3.736367299145452736e-01,-2.662820985898842752e-01,-1.107784752821285162e-01,1.734838354038153877e-03,8.156765389897954743e-02,1.595203144495768166e-01,2.481250792128341653e-01,2.846866924902013984e-01,3.314831278827364835e-01,3.881953186995931726e-01,3.943785064624766856e-01,4.872549970208753245e-01,5.815026200249706623e-01,5.419768926886937566e-01,5.138893713561417664e-01,5.229368505095124409e-01,5.544367578481361747e-01,5.946658543910144923e-01,5.834764840826459631e-01,6.271041194131155017e-01,7.048202918944631579e-01,7.187879461818267313e-01,7.700563016778283476e-01,8.672853781469527235e-01,9.248073836698196271e-01,9.383321511858876418e-01,9.580660441901184265e-01,1.008896024520223644e+00,1.006937573336580849e+00,9.411170818152092554e-01,8.953096497473269633e-01,8.933611450022514999e-01,9.480277060062112238e-01,9.848390240913026394e-01,9.373186318741461021e-01,9.137072366744553031e-01,9.065260435330328992e-01,8.190040157866894655e-01,7.426044423735520539e-01,6.968673706968773196e-01,5.685663711592502390e-01,3.981213998724877356e-01,2.750144997533477409e-01,2.056000415579860574e-01,1.355937106811151149e-01,1.771133226794655707e-02,-9.585750212026575290e-02,-2.540264938560206076e-01,-4.776043994079546273e-01
-5.803034093596086684e-01,-4.369900646005661637e-01,-4.452189740536629525e-01,-3.569194203960716072e-01,-2.243651015751218503e-01,-1.416575928550369845e-01,-2.208568766819117568e-02,9.966825123208049308e-02,1.969902595008418689e-01,2.462803715206302035e-01,2.876483442624469533e-01,3.630580914778197554e-01,4.443698588351502332e-01,5.546964187190465134e-01,5.803570165831040129e-01,5.005922337724676430e-01,4.926291484766353035e-01,5.127327142110760239e-01,5.206293130821981752e-01,5.771643132087111994e-01,6.275091385747076922e-01,6.495263638435951892e-01,6.613642144746678664e-01,7.043698664093250850e-01,7.924647616341931045e-01,8.624285922802666926e-01,9.145956310456930805e-01,9.391922802181166263e-01,9.483275952869860692e-01,9.827361047537455097e-01,9.713324097776565580e-01,9.585020998885581678e-01,1.004351948596980071e+00,9.952348842626763670e-01,9.615571409507633893e-01,9.459821219263622183e-01,8.911223404293874273e-01,9.014750212586124523e-01,9.217163393607831212e-01,7.768210899639041989e-01,6.519236574848774612e-01,6.524699491272979435e-01,5.980503585670333688e-01,4.511451784711509871e-01,2.744070073143451416e-01,1.919000179979941378e-01,1.984936590751683050e-01,7.992097560831577796e-02,-9.444883000087476999e-02,-2.565148026147053839e-01,-4.404793386964468982e-01
-7.751429062114759683e-01,-5.037069539732292878e-01,-4.671643587958591581e-01,-3.833649547618741549e-01,-2.528794957286521483e-01,-1.953884054131355408e-01,-6.290137209344942582e-02,7.812644720295895684e-02,1.692637935511497049e-01,2.412068663038201277e-01,2.866866473918681102e-01,3.477551992028007355e-01,4.535295302143218521e-01,5.666285173143280618e-01,5.929548304885142729e-01,5.533162200855415991e-01,5.372896884299683817e-01,5.215891769794257504e-01,5.411600865760385348e-01,6.370774726107064634e-01,7.133358096162173423e-01,6.817917600786227439e-01,6.068700983888957179e-01,6.577390724993805726e-01,7.980253062119871954e-01,8.857550386375758755e-01,9.484424857264445174e-01,9.662691241879323156e-01,9.275165385044158439e-01,9.073908557949589282e-01,8.987206057422291172e-01,9.505556839224038601e-01,1.039555235723843563e+00,1.008275610500245278e+00,9.213872092813740755e-01,8.679218334167898563e-01,8.148139779741742084e-01,8.478552371007990196e-01,9.014279766701460694e-01,7.962129853050399220e-01,6.744835835229491261e-01,6.748557002557800111e-01,6.921147169301756774e-01,5.959977443994217694e-01,3.567107962986504344e-01,2.187487749715203433e-01,2.510339091491921026e-01,1.714732799879140346e-01,2.281895213243997911e-02,-1.338821172965163619e-01,-2.803272996150228402e-01
-7.861460434377099959e-01,-4.865948255173740411e-01,-4.645537572518941838e-01,-4.061130671067433306e-01,-2.766620729815241764e-01,-2.214011774354499029e-01,-9.246999661279114990e-02,4.462251267952316303e-02,1.359644394980481230e-01,2.476417683329588670e-01,3.130929488432267482e-01,3.226990630856577114e-01,3.662451601064301010e-01,4.523533964088344295e-01,5.304551308882557992e-01,6.014530815192792312e-01,6.445975652069050321e-01,6.122169113488827863e-01,5.647757555712729083e-01,5.963774364633948055e-01,6.898002883911741323e-01,7.014171324412827868e-01,6.100260356372313453e-01,6.125813613396184909e-01,7.257466295346826080e-01,8.187481950063035807e-01,8.897324684594200006e-01,9.240277420379703344e-01,9.207748023774835477e-01,9.187908113508181929e-01,9.146320255703700441e-01,9.349243712164527764e-01,9.447203824456471555e-01,8.989441147671446419e-01,8.763894035576101915e-01,8.855239226558775378e-01,8.772324613055332287e-01,9.058203902309841515e-01,9.594796778734802079e-01,9.238542823312966279e-01,8.217831717673028669e-01,7.737147973178550853e-01,7.723447214688078377e-01,6.666333433023126087e-01,4.355893705353569012e-01,3.161616032891331196e-01,3.243694579564572744e-01,2.759254001821607738e-01,2.169464980890620509e-01,5.439375229182481786e-02,-1.678040813794666741e-01
-7.094973394803933964e-01,-4.939333080041543034e-01,-4.303368961392848302e-01,-3.388881496669262638e-01,-2.273308654026015840e-01,-1.807929653058148178e-01,-8.780870552055120015e-02,1.585245798114807980e-02,1.143242880073312012e-01,2.532143130564748490e-01,3.469325047149213193e-01,3.567515547146794530e-01,3.670376956029135496e-01,4.199894482869023782e-01,4.821022182419089641e-01,5.490795102177955522e-01,6.170361098431929037e-01,6.122303178850228011e-01,5.312110801571304775e-01,5.408718726934876875e-01,7.122624652206775986e-01,8.233209116204514011e-01,7.558227702149551419e-01,6.917274742160108847e-01,7.213840035908130055e-01,7.874176515383477515e-01,8.430312196932029378e-01,8.518901429121398250e-01,8.517490382124870418e-01,8.904151957231146719e-01,9.499389086411608174e-01,9.680318371643690245e-01,9.081338836072035958e-01,8.679157179981581427e-01,9.139827856040634302e-01,9.799797854448708545e-01,1.009947030478670404e+00,9.900460589748353302e-01,9.587189010152387114e-01,9.127729284394082709e-01,8.148548472994368019e-01,7.534752481223191412e-01,7.290011813651344763e-01,6.140756071283551831e-01,4.803179295523695713e-01,4.274126282677693234e-01,3.464292710686272536e-01,2.655132518017673804e-01,2.839525324846771115e-01,1.662364281097218621e-01,-9.169237097975570239e-02
-6.347702286251796222e-01,-4.665894678130663165e-01,-3.102964882292215121e-01,-2.103733673498837109e-01,-1.291845590531320032e-01,-2.690616740146466179e-02,5.653083168420957455e-02,9.343485521100373947e-02,1.886052432221399511e-01,3.507613433689361071e-01,4.555808623293978177e-01,4.589985089137266216e-01,4.271127717089086562e-01,4.437772848567448358e-01,4.921030626054545554e-01,5.073699490655710909e-01,5.191758829625335858e-01,5.373659563190101851e-01,5.270945045121039341e-01,5.823934717333779654e-01,7.395818578114043973e-01,8.199461376042110894e-01,7.717695301708766831e-01,7.308302623096808448e-01,7.528849947090083816e-01,8.248275169883095836e-01,8.880155871520639677e-01,8.692178260399604506e-01,8.118390932243071401e-01,8.239182232234183445e-01,9.287467733238303769e-01,1.007023882709733975e+00,1.006343035520961493e+00,1.025071894135814787e+00,1.053646283882422541e+00,1.070733233675144058e+00,1.107588581559129537e+00,1.079571499771422083e+00,9.892054291499674523e-01,8.826597642957929590e-01,7.471042909380736230e-01,6.923269142477436189e-01,6.905153708126691159e-01,6.166494138289891902e-01,5.704903291572650526e-01,5.283604669892844052e-01,3.736626156293164636e-01,2.704740984344981003e-01,2.679471283241934287e-01,1.511972928469395849e-01,-4.610869597516915191e-02
-4.518363022509764293e-01,-3.142868701588920621e-01,-1.845748807974709471e-01,-1.308678293704542417e-01,-4.022313446132825404e-02,1.346669594724483887e-01,2.060724219705831750e-01,1.828805123299334645e-01,2.956356535704151023e-01,4.943541063433894989e-01,5.820570832948145368e-01,5.617455149293311134e-01,5.069716981506717790e-01,4.876907847660227890e-01,5.342692408918349178e-01,5.555005823804820553e-01,5.307274951167403332e-01,5.420461642066276564e-01,5.800288728070450706e-01,6.114605008119999852e-01,6.442544132831428128e-01,6.725567769159205289e-01,7.069003472577300995e-01,7.457971536348799724e-01,7.795363303309608138e-01,8.312231293111206343e-01,8.930118348451160371e-01,9.295456277452861515e-01,9.225282509528418551e-01,9.015607765560049724e-01,9.217168517532052796e-01,9.717687616607525447e-01,1.045706178250961571e+00,1.116497789906415905e+00,1.084988962375412758e+00,1.034091832328413396e+00,1.081201735745651593e+00,1.111185741971863372e+00,1.051332446519052111e+00,9.165190572780199663e-01,7.625166985240554585e-01,7.243941587952629213e-01,7.228158242469135963e-01,6.441099154922496073e-01,6.016237008607485670e-01,5.649183320538346820e-01,4.591718322771673466e-01,3.678263341203524828e-01,2.364037969797652960e-01,4.058926844118582872e-02,-8.452587134410090297e-02
-3.065731706665257850e-01,-2.326927976566072476e-01,-1.794228833523555666e-01,-9.039695775090897389e-02,3.421417781672921737e-02,1.586189474280490785e-01,2.001519746437999681e-01,2.266700132443103533e-01,3.952639839534491384e-01,5.650139356047174655e-01,5.661422847263635205e-01,5.548166349674141795e-01,5.942863882259312724e-01,5.822514789411847858e-01,5.763464672698239699e-01,6.070578895430112087e-01,6.095617899424077279e-01,6.180552374333412313e-01,6.511993379589333664e-01,6.457706736316193297e-01,6.179074926677793345e-01,6.609079461118857468e-01,7.544887044875796533e-01,7.987346982631196024e-01,8.083359024351917110e-01,8.229544218232103248e-01,8.460885140308491703e-01,9.249644494134837691e-01,1.020142598818322810e+00,1.026979993865392959e+00,9.697453665985307225e-01,9.498214521985871572e-01,9.944751666228337506e-01,1.008745939248899104e+00,9.400846786085007567e-01,8.936059310010108225e-01,9.307272328016218399e-01,9.983963319108419832e-01,1.007384899908017717e+00,8.938190382335203799e-01,7.840469209341880408e-01,7.927766433710213834e-01,7.615032225489262174e-01,6.303964347170828431e-01,5.523675816525283055e-01,5.312953335553075584e-01,4.791971757990184377e-01,3.519806586417604799e-01,1.412120368077570964e-01,-1.832296311205762473e-02,-8.064440973587071182e-02
-2.988114738203136445e-01,-2.298804719915002737e-01,-1.493430898703442256e-01,7.839780437503159755e-03,9.963476652670964773e-02,1.118759773431576426e-01,1.388249987574236288e-01,2.202713778371626907e-01,3.916578344255772781e-01,5.187209328060689018e-01,4.979548485024796189e-01,5.298199914578328729e-01,6.349371922569173599e-01,6.308360957792328305e-01,5.985175873739975172e-01,6.470120724600789686e-01,6.953094009887560434e-01,6.953965054137994928e-01,6.884277126972262462e-01,6.908763350857900498e-01,6.813466077525851539e-01,6.955509506292040234e-01,7.420423956804763632e-01,7.568412787670761865e-01,7.644356799486132781e-01,7.871214261360421904e-01,8.007864307934506876e-01,8.587827175125322121e-01,9.506707226957128443e-01,9.812523569975413196e-01,9.585995987096126436e-01,9.530756384532419467e-01,9.446081263891018542e-01,9.021247751830183681e-01,8.998394163776566312e-01,9.131991274037147832e-01,8.788827671241630224e-01,9.203718077430559363e-01,9.755043462147660049e-01,8.633641438965673487e-01,7.595782253265629391e-01,7.654976231864031311e-01,6.997506228810640438e-01,5.703392443843804394e-01,4.892191296154523306e-01,4.515409036200950244e-01,4.066158964481933480e-01,2.828126951233639330e-01,1.341807162332483427e-01,8.582475547155907214e-02,2.503699882396743723e-02
-3.944048682088368007e-01,-2.774377003231363048e-01,-1.111537537483739679e-01,5.319524574465997468e-02,1.142127676671025049e-01,1.466254603330156836e-01,1.862334874057988421e-01,2.050305731260582964e-01,3.099802276605242435e-01,4.578057641894368590e-01,5.320327785462884984e-01,6.011724772030154762e-01,6.456154269667615520e-01,6.308091868254326329e-01,6.406790257545390554e-01,6.768861830692038950e-01,7.178654082816606774e-01,7.177949112049253344e-01,6.701020608823894387e-01,6.964540885166121686e-01,7.512146050488781590e-01,7.434411766535081734e-01,7.604172885756509404e-01,7.943230619757424282e-01,7.792902638926788583e-01,7.538802931684430719e-01,7.562166601299972202e-01,7.882659629563414372e-01,8.091423602654372882e-01,7.927673453985804031e-01,7.978439174641831499e-01,8.440465745161844779e-01,8.435545320323590834e-01,8.219096235611190737e-01,9.053236822529604488e-01,9.543316239455527095e-01,8.693770755019296637e-01,8.838424858967003361e-01,9.228045646011729941e-01,7.699061315827755436e-01,6.420905089121587972e-01,6.079430939142766999e-01,5.082832235530344578e-01,4.170010373231333167e-01,3.565054901031676216e-01,2.953351311340839946e-01,2.972327013402563112e-01,2.830741948401049313e-01,2.070719590268311205e-01,1.535781411540962094e-01,5.545611362221865293e-02
-5.827216627708774466e-01,-4.523581351146047091e-01,-2.489569986376547750e-01,-9.011676295115196578e-02,-4.834905365338067543e-03,1.048087612712151201e-01,1.659290976745679824e-01,1.782184795053642357e-01,2.994946809327969084e-01,4.377472743077893136e-01,5.081745388354066417e-01,5.610175410478105418e-01,5.509679181421368588e-01,5.698425921815643003e-01,6.358423212129102886e-01,6.135820990480231885e-01,6.409825750324911198e-01,7.152669475700618174e-01,6.746772364863395932e-01,7.029375654956717678e-01,8.211560699007949271e-01,8.470956584831459413e-01,8.785015812527140477e-01,9.251169615349654762e-01,8.537788514106622317e-01,7.411158469605905186e-01,7.105156697782215591e-01,7.506087821870993659e-01,7.556499458311027873e-01,6.832518461124789111e-01,6.598748913102381319e-01,7.356532264582456015e-01,7.628424147745199724e-01,7.183996567168241532e-01,7.332730350321980950e-01,7.541548218393183678e-01,7.240712077861028995e-01,7.509244063026373484e-01,7.278419192396718973e-01,5.644442394767109628e-01,4.771999444360967013e-01,4.532014127834469441e-01,3.562670536916094921e-01,3.121900221626444649e-01,3.012023337565448156e-01,2.333480537870948335e-01,2.268240458989898845e-01,2.333848522754096710e-01,1.286510761752627796e-01,1.421235957480554077e-02,-8.288874179932763375e-02
-6.662260311315630901e-01,-5.453336875529002370e-01,-3.686559087869639151e-01,-1.975225172020302622e-01,-9.420911569952720999e-02,-1.723357351196056278e-02,1.065182515005546303e-02,7.410583798395607713e-02,2.389943793782254022e-01,3.250068546012890303e-01,3.543545199551870750e-01,4.056496409711412010e-01,3.853866072469409598e-01,4.367887932207029644e-01,5.566051425124640684e-01,5.551835030936963511e-01,6.171747726471890072e-01,7.276428639005952936e-01,6.657600723974396173e-01,6.554197138897416286e-01,7.795454027514081563e-01,8.392349005243082694e-01,8.858448903780916650e-01,9.241717932609186947e-01,8.546578509333604412e-01,7.589551560436298416e-01,7.386277214953538284e-01,8.057883590642622718e-01,8.436451414613435063e-01,7.431558265026078081e-01,6.610296624323904746e-01,7.109307518562977268e-01,7.391781934372249063e-01,6.725242334570413760e-01,6.072241912529814378e-01,5.972195194641241045e-01,6.103392062323916845e-01,5.920483773215465817e-01,5.057674588384246661e-01,3.909607364387548412e-01,3.444972148787817101e-01,3.301295462083730370e-01,2.825204351015059845e-01,3.061166383321905493e-01,3.511313254613794843e-01,2.505769160683518626e-01,1.219557099490912455e-01,5.427444014755207491e-02,-5.376044011208692269e-02,-1.652408586737122709e-01,-2.645643081986956968e-01
-6.332413935785942138e-01,-5.141538744512561543e-01,-4.004988943153584557e-01,-2.365271525068363412e-01,-9.967312412370159247e-02,-4.165344247999788058e-02,-3.330021279035472875e-02,4.055755869805954990e-03,8.446553291183778178e-02,1.395702383599128904e-01,2.266911236342010749e-01,2.951365997541711139e-01,2.531221073178164249e-01,3.057467857572541137e-01,4.619075385540905021e-01,5.438643268496995420e-01,6.314360281410413833e-01,6.744840055495809894e-01,5.885873671540546859e-01,5.870188866482690671e-01,6.952646415321961371e-01,7.640192702718742179e-01,8.176642905670616912e-01,8.472455094770016126e-01,8.284496732638683136e-01,8.115419667262080416e-01,8.000128518995508475e-01,8.351981442125915311e-01,8.689983607226422491e-01,7.654508823522881977e-01,6.421107427325195571e-01,6.227506177220761829e-01,6.300127920846686491e-01,6.374634875346769647e-01,6.432559718889818701e-01,6.492491203420684975e-01,6.335407727343106421e-01,5.367959679392813044e-01,4.432100307051773380e-01,3.931551076290024649e-01,3.259116781028776333e-01,2.716232751776485599e-01,2.456056893084314074e-01,2.711012967799932283e-01,2.793273298036741403e-01,1.055377548192796694e-01,-1.015464024860943809e-01,-1.491515216675863009e-01,-1.719932847570774248e-01,-2.804488734361722524e-01,-4.194195207217445431e-01
-6.556765143328718848e-01,-4.835282999460804865e-01,-4.071912545432260222e-01,-2.886837012255087931e-01,-1.561212693610883884e-01,-1.061635082807413505e-01,-6.797464819382419143e-02,-3.154980513601320091e-02,-1.652528655970298896e-02,3.401333907520270178e-02,1.155931330743487639e-01,1.111917373418530447e-01,8.298639891897813259e-02,1.827087991779098031e-01,3.090196538197123033e-01,4.060681837575532693e-01,5.212748200933133846e-01,5.636863120900402757e-01,5.620525944366542292e-01,6.259929785862831109e-01,6.975521513981938204e-01,7.329097739966653480e-01,7.603694753535196194e-01,7.820955002263513256e-01,8.237537572392250595e-01,8.557710796401093445e-01,7.998027154253797288e-01,7.525615117527387765e-01,7.688327020045816473e-01,7.156231093233142992e-01,6.304132577371902579e-01,5.965239170356669840e-01,5.887418814162440617e-01,6.391974594913841790e-01,6.964811698964377129e-01,7.089083784662947307e-01,6.830495249109869160e-01,5.914716899540563011e-01,5.266668499321602859e-01,4.907873581989591893e-01,4.009839582517285006e-01,3.214553138487196149e-01,2.589155317574549642e-01,2.240725887806566119e-01,1.784786924756630033e-01,-3.095354120102056586e-03,-1.687401443949456126e-01,-1.800764887669004388e-01,-1.922288170198743484e-01,-3.307655833895505881e-01,-4.913017128125656274e-01
-6.598474172414307004e-01,-4.158028023270681217e-01,-3.163534797958067468e-01,-2.027541624197114478e-01,-1.277960731232025415e-01,-1.690895473560785622e-01,-1.525395618452035917e-01,-1.027787468889714839e-01,-8.340786681836323546e-02,-2.226304206609114322e-02,5.177255272162736323e-03,-6.088828139223999292e-02,-1.558959551454713877e-02,1.343580369503429017e-01,1.847885676105675001e-01,2.621756584139789403e-01,4.068313767271011239e-01,4.697856841624992175e-01,5.396949658549302642e-01,6.315242756636867405e-01,6.589476659609191378e-01,6.710709831284727978e-01,6.981482659126199142e-01,7.639876837516309527e-01,8.653713131487176247e-01,8.861806750268320654e-01,7.862475141578398885e-01,7.293096363742319621e-01,7.742674857258242671e-01,7.616795885769954699e-01,7.135631356547984527e-01,7.161082359351788051e-01,7.102446117827414529e-01,7.260362253201174676e-01,7.665474112190505673e-01,7.752480652183900700e-01,7.362996398298589096e-01,6.402383510193537797e-01,5.490205258840892277e-01,4.614253409456758881e-01,3.796925125268849621e-01,3.328017549771776773e-01,2.566013861821110353e-01,2.252310074546303720e-01,2.111044022562746370e-01,9.220566671103931633e-02,-1.799452819253543473e-03,-7.285530528410216755e-02,-1.764731766416798020e-01,-2.791202442930444394e-01,-3.996401354272688389e-01
-6.117417954891097853e-01,-3.947994447095599657e-01,-2.870780518884883947e-01,-1.417901031647805510e-01,-8.390829594716842088e-02,-1.328023949299634021e-01,-9.972448370781546167e-02,-9.186452789233078009e-02,-1.310599493575194952e-01,-6.599913911737617656e-02,4.857643666048185168e-04,-2.497010478928759700e-02,3.981244256358015821e-02,1.470107826886118962e-01,1.644648648454726525e-01,2.745697702039948118e-01,3.881881459885725416e-01,3.578073154810079703e-01,4.047676990023593158e-01,5.103003851734454477e-01,5.392481749269252278e-01,5.529106189936028315e-01,6.011218632593244848e-01,7.261931944440332964e-01,8.301897716633468427e-01,7.875813425057529571e-01,7.071608958996635774e-01,7.356233275710584163e-01,8.130704422924082131e-01,7.899519754332546828e-01,7.525746566118433067e-01,7.799033200778621167e-01,7.465542918666259187e-01,7.106370306167133499e-01,7.724262047181890134e-01,8.250602845902713645e-01,7.619637818031668175e-01,6.361777400492206747e-01,5.392595259643863104e-01,4.240033544704869817e-01,3.426500669381215558e-01,3.331754502771060999e-01,2.893429157875926361e-01,2.970962718797052204e-01,2.814809785256153218e-01,1.604152987972302935e-01,1.250803479774437454e-01,2.939143599995672207e-02,-1.492944448236441513e-01,-2.180093931143649300e-01,-3.085786703831930877e-01
-6.333402842551822953e-01,-4.410971710422230130e-01,-3.389832300002119658e-01,-2.176736184392212281e-01,-1.883914768662569017e-01,-1.763228875016089603e-01,-5.854453624540990192e-02,-3.969048141190963802e-02,-9.330711992283868828e-02,-1.162352695326420576e-02,1.057905720892578089e-01,1.020131910966316641e-01,1.008503423965136786e-01,1.388106822872510471e-01,1.700568967084456484e-01,2.995829330527740586e-01,3.709868117266255649e-01,3.016074235518427793e-01,3.353065948157537557e-01,4.294163145607214349e-01,4.686542259327139415e-01,4.844796768215940408e-01,5.150944458811040905e-01,6.246199002731395167e-01,6.732445938024976817e-01,6.009418001018667077e-01,6.062946694292672412e-01,7.125090281415394911e-01,7.767129278703316375e-01,7.540051775316837235e-01,7.641940439381620376e-01,8.028845214495926585e-01,7.282151869293080892e-01,6.479739651907181486e-01,6.826931260330617590e-01,7.296287091260494906e-01,6.843674857233974507e-01,6.144338542903421407e-01,6.004686518718862498e-01,5.161110109389694944e-01,4.109976071623142602e-01,3.968449866096316891e-01,3.658780381917159930e-01,3.598668598991289769e-01,2.810266315279619231e-01,1.106807776064664267e-01,1.182344215743355437e-01,7.717248250519860575e-02,-1.258445742923464672e-01,-2.530830751454089533e-01,-3.656140739489307512e-01
-7.645387942835448758e-01,-5.296522230826210542e-01,-4.105329584696966738e-01,-2.991018072127918925e-01,-2.580328379734194155e-01,-2.223701643707311215e-01,-1.095837433246466819e-01,-6.282305329163817564e-02,-5.672275926906043125e-02,2.741452193419659927e-02,1.284421478170209019e-01,1.243654205142109004e-01,1.100627298124261105e-01,1.734250042530998681e-01,2.340987039344419318e-01,3.028545567343422507e-01,3.541658945661568247e-01,3.837489266904164920e-01,4.335723237551243336e-01,4.341368423541677180e-01,4.572089954304418002e-01,5.139849649942429544e-01,5.245590574575843545e-01,5.534321313777097462e-01,5.292607812197130945e-01,4.670637431111442917e-01,5.252627508733482831e-01,6.352842408624782555e-01,6.892439624440752644e-01,6.892169577052862373e-01,6.987761973263942883e-01,7.120046761612411901e-01,6.903663060730189649e-01,6.828244976693726986e-01,6.500793085871426902e-01,6.035972073975708341e-01,5.854862435968335443e-01,5.651736600673600286e-01,5.782761376687480803e-01,5.218351387976984945e-01,4.102021852361698029e-01,3.771676070056287911e-01,3.311519081718296009e-01,3.003844017789630838e-01,2.186039932557645171e-01,4.982018697306778154e-02,2.901490421639982970e-02,-2.965641084219343068e-02,-2.315788366733119996e-01,-3.537583193975321061e-01,-4.099669191274434299e-01
-8.956984160901408920e-01,-6.734680017087661952e-01,-5.685509251082524473e-01,-4.288628060533018482e-01,-2.869008176581907543e-01,-2.028139048633609554e-01,-1.628624521212672649e-01,-1.626232492084442316e-01,-1.470625934627351195e-01,-9.860921068398087463e-02,-1.932738694544903352e-02,2.400899800905018783e-02,5.849534137884530166e-02,1.750253615891173287e-01,2.765201893843306502e-01,2.979666406089040986e-01,3.254839222535379495e-01,4.449097947291129618e-01,5.338766667434714508e-01,4.718679079069882931e-01,4.607887956554670983e-01,5.249852435168240739e-01,5.151847846100475747e-01,4.770032249414829506e-01,4.073684964197092362e-01,3.526165232291382789e-01,3.730510774375512817e-01,4.151244497018675705e-01,4.787505351643816520e-01,5.059514406187097801e-01,4.752203787855346917e-01,4.558672795739088790e-01,5.174358140416892571e-01,6.314083976847768565e-01,6.069973526410337161e-01,5.352086007744576435e-01,5.392491275593576106e-01,4.832206463236179972e-01,4.497955545897693308e-01,4.337631939858291319e-01,3.496719911993409480e-01,2.924537596574511289e-01,2.333597228362552234e-01,2.162276909223737886e-01,1.913216302695012749e-01,7.165015414638706281e-02,3.200533458845356005e-03,-1.444206515871030716e-01,-3.735525286707546688e-01,-4.360401921816768334e-01,-3.895955470538546295e-01
-9.250497029420380324e-01,-7.384823226003411900e-01,-6.344804540928747905e-01,-5.119062548142649938e-01,-3.599988014904348388e-01,-2.637164433758577009e-01,-2.837552315629025546e-01,-3.277681052553332308e-01,-2.762271011680352273e-01,-1.834076445242260045e-01,-6.711266248338658424e-02,3.103630171760511300e-02,6.994535974675018808e-02,1.168011020250561693e-01,1.748647445710325710e-01,2.099640152888506417e-01,2.563831801229238261e-01,3.869729000939256536e-01,4.927433229169717599e-01,4.500526889649448248e-01,4.219157697975252086e-01,4.544708349001272962e-01,4.657257788856880021e-01,4.617350841641237325e-01,4.188239010347042379e-01,3.964429934494265728e-01,3.758841032216740374e-01,3.244491359875405490e-01,3.462057540872896522e-01,3.814380181663769576e-01,3.892520555732738030e-01,3.970646443183289964e-01,4.147424500080876819e-01,4.750525158114315971e-01,4.684367991473286086e-01,4.536201150726691944e-01,4.721778571275860314e-01,3.752119336086030543e-01,3.396949502305027235e-01,3.905185572160028706e-01,3.347159419164235095e-01,2.505485877062491040e-01,1.913454875122949650e-01,1.979301722866964597e-01,1.993330096035609011e-01,1.077178188665445929e-01,3.945458964916708638e-02,-1.299643738140124627e-01,-3.844104015263177798e-01,-4.778222818471552502e-01,-4.621842469417092869e-01
-8.793857524427382000e-01,-7.402377192443800880e-01,-6.424168648055984532e-01,-5.601041741631491711e-01,-4.506718150113863675e-01,-3.633938202950426910e-01,-3.929601332752603593e-01,-4.290943838141729194e-01,-3.305229175016685117e-01,-1.866816675625500854e-01,-4.358550006881473093e-02,8.548756474273933037e-02,1.451165665062040255e-01,1.221906492003316386e-01,6.904675130049152398e-02,9.277624432823022849e-02,1.940049575906949708e-01,3.009393113450624102e-01,3.407171966253629281e-01,3.130449447551968967e-01,3.297719761677412320e-01,3.803544122244235104e-01,4.404980895061922919e-01,4.975524039120178266e-01,4.851028762985016840e-01,4.799231454941793040e-01,4.515266010191392176e-01,3.623347739239280996e-01,3.439544974474327832e-01,3.684059640684778092e-01,4.204647912800954512e-01,4.615830855471579897e-01,4.059137932272247062e-01,3.618640058642087487e-01,3.415489774001169709e-01,3.501604208883949410e-01,3.731153552565149023e-01,2.956822531695815215e-01,2.732091823554529952e-01,3.181667386249597551e-01,2.627873020579034602e-01,1.820587397959662623e-01,1.338294287517256542e-01,1.465750598797726789e-01,1.493086661572664842e-01,5.900270667842442973e-02,-3.314284524631581907e-02,-1.884901570306766194e-01,-3.747918750515869535e-01,-4.832034370077035179e-01,-5.735053283050680628e-01
-7.922812765067090979e-01,-7.208424111133565626e-01,-7.047686665363621650e-01,-6.481961289412311311e-01,-5.260999528994062535e-01,-4.300482099957046445e-01,-4.152204957075601444e-01,-3.885566097893836668e-01,-3.249565375553268853e-01,-2.817348892208162980e-01,-1.987639659981187412e-01,-8.177057479623778269e-02,3.200585636827005948e-02,1.034882744579285474e-01,5.955773022315143800e-02,2.368477025074335052e-02,1.214830371997157599e-01,2.541967930164231171e-01,3.043981808817251555e-01,3.231110692318603927e-01,3.822572893140400163e-01,3.985405799940383020e-01,3.945481873727184619e-01,4.280945264472187373e-01,4.218015775335629547e-01,4.058125598882797447e-01,3.595481501262376423e-01,2.795510466283713802e-01,2.938292998066974748e-01,3.346861212300874522e-01,3.538016676958368745e-01,3.754229428952248759e-01,3.597637735316861485e-01,3.426624042933675840e-01,2.954026798584795110e-01,2.578772754038855530e-01,2.964389701729715498e-01,2.850384298055322896e-01,2.319175654014763166e-01,1.968078807332671321e-01,1.456038650703794513e-01,8.844693494052494054e-02,3.084895135130984178e-02,2.011862248067384021e-02,3.120151627358464658e-02,-1.158999362782702630e-02,-1.242772223957833572e-01,-2.954788379477943372e-01,-3.775046586863879949e-01,-4.378319505824648239e-01,-6.179458408397153768e-01
-7.728990310021891519e-01,-6.938889447762605078e-01,-6.856462589178043965e-01,-5.960916131365652237e-01,-4.860707046845947343e-01,-4.774806668041401969e-01,-4.773124627268129916e-01,-3.611344787209620488e-01,-2.874616815774585499e-01,-3.321886098166217383e-01,-3.084508979645390614e-01,-2.495637406743812237e-01,-1.830919132240385883e-01,-3.407710766295681676e-02,2.623325539958371727e-02,-3.115220891901368874e-02,1.478604982685780174e-02,1.929602193178722724e-01,3.529708347874656038e-01,4.344239097809117212e-01,4.571385013272581399e-01,4.025898797087247294e-01,3.502961033500168186e-01,3.716489488953860221e-01,3.903965975533426058e-01,3.986780664571560329e-01,3.583970904564692250e-01,2.698278759846687858e-01,2.878827630734187570e-01,3.480677306100852242e-01,3.317024988578706757e-01,3.263990486122277379e-01,3.703533856142973146e-01,3.843627384074453923e-01,2.925369982837959237e-01,1.995798117357092394e-01,2.369194630912324073e-01,2.617022777834481784e-01,1.683593624464535532e-01,1.006063617730531962e-01,1.156021221621644918e-01,9.023131036156535612e-02,1.622472055448277023e-02,-3.403829851080588526e-02,-9.022779015617604648e-02,-1.354663742451758801e-01,-2.208258400931572274e-01,-3.630034370772155516e-01,-3.689230949573783502e-01,-4.160381212378125304e-01,-6.796745977810857431e-01
-8.753016783625001684e-01,-7.869747744686295121e-01,-6.998625087483023588e-01,-5.589067104073767167e-01,-4.758791283643632464e-01,-5.074486660527274262e-01,-5.419297343851094961e-01,-4.298136183981050573e-01,-3.142111023257611047e-01,-3.401071388716562227e-01,-3.336156030874702361e-01,-3.073518075394194304e-01,-3.237321139240504908e-01,-2.438702038954285445e-01,-1.381770542461524809e-01,-1.114539842058967917e-01,-7.082404046801271669e-02,4.984876249763595113e-02,2.045012444585235512e-01,2.773324067424131623e-01,2.426979967925622650e-01,2.053815962558390440e-01,2.371456435589450185e-01,2.881832419508623677e-01,3.009802350040861607e-01,3.310063402900348950e-01,3.385798222453909601e-01,2.547635727357477342e-01,2.341754270645441116e-01,3.021708778612189339e-01,3.137069346617781251e-01,3.106212435624046142e-01,3.291325256584414771e-01,2.997217344837028730e-01,2.298380190538936718e-01,1.802173509458140366e-01,2.173728524092114756e-01,2.586882356706446950e-01,1.471283066829655595e-01,4.409653492559321986e-02,8.457896921711612059e-02,7.509314970147358548e-02,3.698090944866419538e-02,2.001628930461771608e-02,-1.410512300126463281e-01,-3.123683472335895273e-01,-3.903887122426034639e-01,-4.458316258109425445e-01,-4.052725476711038222e-01,-4.883532445549276235e-01,-7.881396433839732429e-01
-9.622193952029567399e-01,-8.729647152936764742e-01,-7.431230915408206794e-01,-6.581202470326409371e-01,-6.261511989654009458e-01,-5.320567006061832638e-01,-4.891965264518942091e-01,-4.764741594779444700e-01,-4.086997123501909246e-01,-4.187896217968734014e-01,-4.371647905708744841e-01,-3.848236440533373548e-01,-3.732666408448707673e-01,-3.599746623918136379e-01,-2.678717503598146976e-01,-1.491474657994231734e-01,-9.286202818119017321e-02,-7.353700715938783772e-02,2.184243999806595449e-02,1.010379379722145532e-01,6.025879471866958659e-02,2.655773255890452392e-02,6.131818434246310429e-02,9.984652462184932797e-02,1.202207652135204446e-01,1.494868640258495140e-01,1.631868166398055264e-01,1.070793461103995148e-01,9.202462350820525550e-02,1.858362768996353609e-01,2.495997364812695407e-01,2.505351021689227742e-01,2.099760714701731645e-01,1.488745535222646965e-01,1.693432857620653653e-01,2.126015238604640201e-01,2.563423160069886464e-01,3.303106309172637034e-01,2.177111146707157163e-01,-3.811393053133502423e-04,-6.826537429771756260e-02,-1.136626957273617761e-01,-9.775266695736428701e-02,-1.721862628180364715e-02,-1.754438438492126329e-01,-4.084711402863685503e-01,-4.747734116651051162e-01,-4.857166263027691278e-01,-4.934247893976694277e-01,-6.470205305037077803e-01,-9.180264871352371570e-01
-1.024075180883342373e+00,-9.003996938343068468e-01,-7.451397540124661267e-01,-7.236599109429840970e-01,-7.764506915011271104e-01,-6.205116896035303142e-01,-4.836770498916437289e-01,-4.977270528258929683e-01,-4.509710544787112196e-01,-4.410751942003470760e-01,-4.730602789701452426e-01,-3.914381902163009408e-01,-3.193563482634256823e-01,-3.060373728505887403e-01,-2.412455425151808219e-01,-1.458323636685143476e-01,-1.098758807799024989e-01,-9.839624418296968877e-02,-4.714792400507678005e-03,8.283217331303381614e-02,6.690706667823986820e-02,2.423212021820619552e-02,-2.825255432296585462e-02,-3.598417832851210502e-02,4.174586306645416967e-02,7.536699789482984024e-02,5.163898423475955790e-02,3.082578813159985234e-02,4.192929774688487765e-02,1.223215963411826285e-01,1.778059414130983285e-01,1.587164260349880340e-01,1.101050263518953826e-01,7.768712893166682121e-02,1.420393280295765004e-01,1.913049980433348396e-01,1.805154216489565089e-01,2.277545550347628844e-01,1.449758856865598633e-01,-7.811057114180486316e-02,-1.946275613842546881e-01,-2.645772083919443185e-01,-2.422688196371167446e-01,-1.463440179747813041e-01,-2.750025574465361222e-01,-4.669015821540957734e-01,-4.985453121056515058e-01,-5.354827267043709149e-01,-6.446680597415437308e-01,-8.233473493578097324e-01,-1.002142025481866483e+00
-1.105061981509765090e+00,-1.026675624543762266e+00,-8.927260520319727499e-01,-8.203630060823878800e-01,-8.636755347144198236e-01,-7.701442796522882661e-01,-6.299160829129138994e-01,-5.704504604508516818e-01,-4.690523814359751631e-01,-4.389487119615423927e-01,-4.707314661809713918e-01,-3.888513087194950812e-01,-3.137087661811893691e-01,-2.983281354368058635e-01,-2.538229920294856612e-01,-1.999442002130885354e-01,-1.452115062560974390e-01,-8.638404520169247480e-02,-3.435563296394345684e-02,-1.463914393240705464e-02,-5.728701464385161507e-03,1.593351735488033119e-02,-4.758487387794561180e-02,-1.002780267040978140e-01,-2.548867323836041462e-02,-8.644325344464055816e-03,-3.460745895877418571e-02,3.482510770419173628e-03,7.050104066723164933e-03,-2.261022663850234884e-03,-1.118700738554549018e-02,-4.336845321826011262e-02,-4.211083266701735883e-02,-2.817268311732803662e-02,3.668034542864721196e-03,8.169499326958044177e-03,-5.537119177906124623e-02,-7.302996282677558237e-02,-9.601379566305877356e-02,-1.656309609793750470e-01,-2.077131570526831728e-01,-2.755029213841378444e-01,-2.827201731431009391e-01,-2.441027331507004960e-01,-3.794854067883773330e-01,-5.263726201856597786e-01,-5.372439189561201145e-01,-6.071235991592420778e-01,-7.694707580293894678e-01,-9.242359706546624531e-01,-1.028591560419983564e+00
-1.194544385199538095e+00,-1.149515961725046775e+00,-1.056972371842123559e+00,-9.204806847476124654e-01,-8.744810453942231110e-01,-8.163627194041077617e-01,-7.057848876141326055e-01,-6.129416385163923842e-01,-5.144607043180513539e-01,-4.855800423656441711e-01,-4.945443166047807648e-01,-4.216450183615513825e-01,-3.688478616407863675e-01,-3.634221134379002627e-01,-3.224786014825139491e-01,-2.353570023678639156e-01,-1.328908300912922391e-01,-1.024205960090870116e-01,-9.643285098424993207e-02,-3.982562905423803201e-02,3.298374260516365175e-03,1.489448647235953709e-02,-3.718497509797667050e-02,-8.188062123652660451e-02,-2.807945686901892543e-02,-2.877900105982649642e-02,-4.998640444385222398e-02,-2.963546636156805681e-03,-4.213059362845147232e-02,-1.269280490551061291e-01,-1.626185063439695433e-01,-1.660240903039916782e-01,-1.213571260158752552e-01,-1.043511886892385526e-01,-1.188206364113709168e-01,-1.339070656913874946e-01,-1.933678262220969446e-01,-2.253146582840205026e-01,-2.223303709832036290e-01,-2.353013777143275198e-01,-2.615793159460112483e-01,-3.391359395511580610e-01,-3.810715683594499970e-01,-3.801815081580649514e-01,-4.856349546534533546e-01,-5.780270131043049320e-01,-5.725207719039749898e-01,-6.509400272658457665e-01,-8.248018558995048322e-01,-9.752425431948988921e-01,-1.086453766477267102e+00
-1.291988206329711897e+00,-1.212923213140602696e+00,-1.138695171107184212e+00,-1.003997891899447437e+00,-9.086990131536011317e-01,-8.472785192728896630e-01,-7.421345557979043273e-01,-6.747239454225997246e-01,-6.406358795061871669e-01,-5.764326055294614060e-01,-5.005460333173890053e-01,-4.306236020730488390e-01,-3.906077869524998136e-01,-3.788083615079923527e-01,-3.546872375592787785e-01,-2.632996985960854852e-01,-1.816004812454176109e-01,-2.303265387750522697e-01,-1.986051907704673714e-01,-9.548207641871522475e-03,4.311148821356311500e-02,-3.135021041260206004e-02,-7.564634620457490188e-02,-7.883660709678773360e-02,-3.092965961093710817e-02,-2.309486860244846715e-02,-4.949899085622060102e-02,-5.494660812295108776e-02,-1.182501215756220914e-01,-1.791655200010168203e-01,-1.753480084165592867e-01,-1.543180158001311586e-01,-1.464408008881353529e-01,-1.733916872427487543e-01,-1.648083622416988414e-01,-1.709695608141713341e-01,-2.674492791851718065e-01,-2.955858919072814617e-01,-2.906847849699338848e-01,-3.586939024735642523e-01,-3.970937624729738991e-01,-4.422148090582406210e-01,-5.116283326985202606e-01,-5.454712021480715434e-01,-6.224765069087079272e-01,-6.911888134314502219e-01,-6.959437285569420872e-01,-7.763310127363389768e-01,-9.147423713212370355e-01,-1.004456809846220544e+00,-1.089040022019018839e+00
-1.375706104810424657e+00,-1.297452917389145588e+00,-1.279533095291341960e+00,-1.172592103130296159e+00,-1.063379797489953926e+00,-1.036466516182128039e+00,-9.427338817556855100e-01,-8.584600946051060832e-01,-8.416224723387304429e-01,-7.213354807725659290e-01,-5.508268408817202921e-01,-4.703686238886770066e-01,-4.155121979216963024e-01,-3.741673358110786940e-01,-3.981014318983085443e-01,-3.912399466056892261e-01,-3.510788762933313434e-01,-3.658343272039330518e-01,-2.974965107825255362e-01,-1.658821095656712874e-01,-1.720567505425955046e-01,-1.888160904713052368e-01,-1.383133212929433531e-01,-1.358835260920583654e-01,-1.351526322905848843e-01,-1.157737114865514949e-01,-1.213149081551387204e-01,-1.658588456517532117e-01,-2.216052193608754051e-01,-1.977596826078433234e-01,-1.347454031449449585e-01,-1.265193315078771696e-01,-2.106918884017709992e-01,-3.075178442347419328e-01,-2.490931700922982828e-01,-2.357358211052490438e-01,-3.997338264468051627e-01,-4.271468712942574908e-01,-3.918012023979662306e-01,-4.825164021015648230e-01,-5.176323453547821973e-01,-5.478494791564670896e-01,-6.421251305538883125e-01,-6.870794749086329700e-01,-7.527278076535610651e-01,-8.291360734890397266e-01,-8.568287653359210054e-01,-9.358462777919203113e-01,-1.029008838435363504e+00,-1.078604341126849331e+00,-1.162595927677290586e+00
-1.538461746199935698e+00,-1.421220399383501976e+00,-1.406804251222371516e+00,-1.308039005718379499e+00,-1.188029953454238674e+00,-1.207213675343351778e+00,-1.149180656926668487e+00,-1.017879028244667028e+00,-9.728507714162889508e-01,-8.468544664773584030e-01,-6.553695430364657737e-01,-5.684305831647264995e-01,-4.870707693681999295e-01,-4.058793841732306062e-01,-4.356717478998246018e-01,-4.858146968004261046e-01,-4.626233645379119741e-01,-3.753245268204949414e-01,-2.929303588237678335e-01,-3.448069306172396042e-01,-4.161912837483469629e-01,-3.033711817932902566e-01,-1.698415027082904871e-01,-1.511604306665093322e-01,-1.483043812044364529e-01,-1.577507772919644058e-01,-1.978999632278189702e-01,-2.702094188337078595e-01,-3.064826326525906253e-01,-2.072624243288743173e-01,-1.095641132601533480e-01,-1.234071554561537859e-01,-2.353489798794842769e-01,-3.687204466119258783e-01,-3.413188503912775729e-01,-3.255076581008284342e-01,-4.567037152984032566e-01,-4.518533769177428550e-01,-4.242831663349768134e-01,-5.590268669208606767e-01,-6.647621666186608325e-01,-7.532384872992931024e-01,-8.251820793877785443e-01,-8.296512599540999400e-01,-9.029758959026701337e-01,-9.860119070725905654e-01,-1.014037612775874564e+00,-1.074810321284520587e+00,-1.135198322511608460e+00,-1.223427503200522626e+00,-1.366922813256004288e+00
